<?xml version='1.0' encoding='utf-8' standalone='yes'?>
<set name="Alpha Flight" id="68071830-cf71-4497-a47d-19c19f5fb6fc" gameId="055c536f-adba-4bc2-acbf-9aefb9756046" gameVersion="0.0.0.0" version="1.0.0.0">
  <cards><card id="68071830-cf71-4497-a47d-19c19f990000" name="Snowbird by hax">
    <property name="Type" value="fm_encounter_setup"/>
    <property name="Owner" value="snowbird_by_hax_nemesis"/>
    </card>
<card id="68071830-cf71-4497-a47d-19c19f000000" name="Snowbird by hax">
    <property name="Type" value="fm_hero_setup"/>
    <property name="Owner" value="snowbird_by_hax"/>
    </card>
    <card name="Snowbird" id="68071830-cf71-4497-a47d-19c19f016001"><property name="CardNumber" value="201601a"/><property name="Position" value="1"/><property name="Quantity" value="1"/><property name="Faction" value="hero"/><property name="Type" value="hero"/><property name="Owner" value="snowbird_by_hax"/><property name="HandSize" value="5"/><property name="Thwart" value="2"/><property name="Attack" value="2"/><property name="Defense" value="2"/><property name="HP" value="14"/><property name="Attribute" value="Alpha Flight. Mystic."/><property name="Text">Creature forms enter play facedown.
&lt;i&gt;Great Beasts&lt;/i&gt; - &lt;b&gt;Action&lt;/b&gt;: Spend a resource of any type → flip each faceup creature form. Then, choose a facedown creature form and flip it. Snowbird gains each &lt;b&gt;&lt;i&gt;TRAIT&lt;/i&gt;&lt;/b&gt; on that creature form.</property><property name="Unique" value="True"/><alternate name="Narya" type="b"><property name="CardNumber" value="201601b"/><property name="Position" value="1"/><property name="Quantity" value="1"/><property name="Faction" value="hero"/><property name="Type" value="alter_ego"/><property name="Owner" value="snowbird_by_hax"/><property name="HandSize" value="6"/><property name="Recovery" value="4"/><property name="HP" value="14"/><property name="Attribute" value="Mystic. Officer."/><property name="Text">Creature forms enter play facedown.
&lt;i&gt;Demigoddess&lt;/i&gt; - &lt;b&gt;Response&lt;/b&gt;: After Narya heals, for each point of excess damage healed beyond her maximum hit points, heal 1 damage from a friendly character.</property><property name="Unique" value="True"/></alternate></card><card name="Shaman" id="68071830-cf71-4497-a47d-19c19f016002"><property name="CardNumber" value="201602"/><property name="Position" value="2"/><property name="Quantity" value="1"/><property name="Faction" value="hero"/><property name="Type" value="ally"/><property name="Owner" value="snowbird_by_hax"/><property name="Thwart" value="2"/><property name="ThwartCost" value="1"/><property name="Attack" value="2"/><property name="AttackCost" value="1"/><property name="Cost" value="4"/><property name="Resource_Wild" value="1"/><property name="HP" value="3"/><property name="Attribute" value="Alpha Flight. Mystic."/><property name="Text">&lt;b&gt;Hero Action&lt;/b&gt;: Exhaust Shaman and deal 1 damage to him → draw 1 card.</property><property name="Quote">&lt;i&gt;"There is a richness to life that ou have not yet begun even to suspect, Narya. Do not deny yourself this fullness."&lt;/i&gt;</property><property name="Unique" value="True"/></card><card name="Artic Assault" id="68071830-cf71-4497-a47d-19c19f016003"><property name="CardNumber" value="201603"/><property name="Position" value="3"/><property name="Quantity" value="2"/><property name="Faction" value="hero"/><property name="Type" value="event"/><property name="Owner" value="snowbird_by_hax"/><property name="Cost" value="3"/><property name="Resource_Physical" value="1"/><property name="Attribute" value="Attack."/><property name="Text">&lt;b&gt;Hero Action &lt;/b&gt;(&lt;i&gt;attack&lt;/i&gt;): Deal 5 damage to an enemy. Resolve Snowbird's "&lt;i&gt;Great Beasts&lt;/i&gt;" ability for free. Deal damage to an enemy equal to your ATK.</property><property name="Quote">&lt;i&gt;"Sasquatch is not the only one with strength"-Snowbird&lt;/i&gt;</property></card><card name="Boreal Boost" id="68071830-cf71-4497-a47d-19c19f016004"><property name="CardNumber" value="201604"/><property name="Position" value="4"/><property name="Quantity" value="2"/><property name="Faction" value="hero"/><property name="Type" value="event"/><property name="Owner" value="snowbird_by_hax"/><property name="Cost" value="3"/><property name="Resource_Mental" value="1"/><property name="Attribute" value="Thwart."/><property name="Text">&lt;b&gt;Hero Action&lt;/b&gt;: (&lt;i&gt;thwart&lt;/i&gt;): Remove 4 threat from a scheme. Resolve Snowbird's "&lt;i&gt;Great Beasts&lt;/i&gt;" ability for free. Remove X threat from a scheme, where X is equal to your THW.</property><property name="Quote">&lt;i&gt;"You have made a grave mistake."-Snowbird&lt;/i&gt;</property></card><card name="Fluid Formation" id="68071830-cf71-4497-a47d-19c19f016005"><property name="CardNumber" value="201605"/><property name="Position" value="5"/><property name="Quantity" value="2"/><property name="Faction" value="hero"/><property name="Type" value="event"/><property name="Owner" value="snowbird_by_hax"/><property name="Cost" value="2"/><property name="Resource_Physical" value="1"/><property name="Attribute" value="Tactic. Mystic."/><property name="Text">&lt;b&gt;Hero Action&lt;/b&gt;: Resolve Snowbird's "&lt;i&gt;Great Beasts&lt;/i&gt;" ability for free. Draw X cards, where X is equal to your THW</property></card><card name="Heavy Hide" id="68071830-cf71-4497-a47d-19c19f016006"><property name="CardNumber" value="201606"/><property name="Position" value="6"/><property name="Quantity" value="2"/><property name="Faction" value="hero"/><property name="Type" value="event"/><property name="Owner" value="snowbird_by_hax"/><property name="Cost" value="2"/><property name="Resource_Energy" value="1"/><property name="Attribute" value="Defense. Tactic."/><property name="Text">&lt;b&gt;Hero Action &lt;/b&gt;(&lt;i&gt;defense&lt;/i&gt;): When you would take any amount of damage, resolve Snowbird's "&lt;i&gt;Great Beasts&lt;/i&gt;" ability for free. Reduce the amount of damage taken by X, where X is equal to your DEF.</property></card><card name="Great White North" id="68071830-cf71-4497-a47d-19c19f016007"><property name="CardNumber" value="201607"/><property name="Position" value="7"/><property name="Quantity" value="1"/><property name="Faction" value="hero"/><property name="Type" value="support"/><property name="Owner" value="snowbird_by_hax"/><property name="Cost" value="2"/><property name="Resource_Wild" value="1"/><property name="Attribute" value="Location."/><property name="Text">&lt;b&gt;Hero Resource&lt;/b&gt;: Exhaust Great White North → generate the resource on the faceup creature form. If the printed resource on the card you are playing is the same resource, generate 2 of that resource instead.</property><property name="Quote">&lt;i&gt;"it's a beauty way to go." -Puck&lt;/i&gt;</property></card><card name="Bear" id="68071830-cf71-4497-a47d-19c19f016008"><property name="CardNumber" value="201608a"/><property name="Position" value="8"/><property name="Quantity" value="1"/><property name="Faction" value="hero"/><property name="Type" value="upgrade"/><property name="Owner" value="snowbird_by_hax"/><property name="Cost" value="1"/><property name="Resource_Energy" value="1"/><property name="Attribute" value="Creature."/><property name="Text">Creature form.
Snowbird gets -1 THW, +1 DEF and retaliate 1.
&lt;b&gt;response&lt;/b&gt;: After you play a &lt;b&gt;&lt;i&gt;DEFENSE&lt;/i&gt;&lt;/b&gt; card, exhaust Bear → draw 1 card.</property><alternate name="Bear" type="b"><property name="CardNumber" value="201608b"/><property name="Position" value="8"/><property name="Quantity" value="1"/><property name="Faction" value="hero"/><property name="Type" value="upgrade"/><property name="Owner" value="snowbird_by_hax"/><property name="Cost" value="1"/><property name="Resource_Energy" value="1"/><property name="Attribute" value="Creature."/><property name="Text">Creature form.
Snowbird gets -1 THW, +1 DEF and retaliate 1.
&lt;b&gt;response&lt;/b&gt;: After you play a &lt;b&gt;&lt;i&gt;DEFENSE&lt;/i&gt;&lt;/b&gt; card, exhaust Bear → draw 1 card.</property></alternate></card><card name="Dinosaur" id="68071830-cf71-4497-a47d-19c19f016009"><property name="CardNumber" value="201609a"/><property name="Position" value="9"/><property name="Quantity" value="1"/><property name="Faction" value="hero"/><property name="Type" value="upgrade"/><property name="Owner" value="snowbird_by_hax"/><property name="Cost" value="1"/><property name="Resource_Energy" value="1"/><property name="Attribute" value="Creature."/><property name="Text">Creature form.
Snowbird gets -1 ATK, +1 DEF and her attacks gain piercing
&lt;b&gt;Hero Action&lt;/b&gt;: Exhaust Dinosaur → reduce the cost of the next &lt;b&gt;&lt;i&gt;ATTACK&lt;/i&gt;&lt;/b&gt; card you play this round by 1.</property><alternate name="Dinosaur" type="b"><property name="CardNumber" value="201609b"/><property name="Position" value="9"/><property name="Quantity" value="1"/><property name="Faction" value="hero"/><property name="Type" value="upgrade"/><property name="Owner" value="snowbird_by_hax"/><property name="Cost" value="1"/><property name="Resource_Energy" value="1"/><property name="Attribute" value="Creature."/><property name="Text">Creature form.
Snowbird gets -1 ATK, +1 DEF and her attacks gain piercing
&lt;b&gt;Hero Action&lt;/b&gt;: Exhaust Dinosaur → reduce the cost of the next &lt;b&gt;&lt;i&gt;ATTACK&lt;/i&gt;&lt;/b&gt; card you play this round by 1.</property></alternate></card><card name="Human" id="68071830-cf71-4497-a47d-19c19f016010"><property name="CardNumber" value="201610a"/><property name="Position" value="10"/><property name="Quantity" value="1"/><property name="Faction" value="hero"/><property name="Type" value="upgrade"/><property name="Owner" value="snowbird_by_hax"/><property name="Resource_Physical" value="1"/><property name="Attribute" value="Aerial."/><property name="Text">Setup. Creature form.This card cannot be discarded. Enters play faceup.
Narya gets + 1 hand size.
&lt;b&gt;Hero Action&lt;/b&gt;: Exhaust Human → Search your deck for a creature form and add it to your hand.</property><alternate name="Human" type="b"><property name="CardNumber" value="201610b"/><property name="Position" value="10"/><property name="Quantity" value="1"/><property name="Faction" value="hero"/><property name="Type" value="upgrade"/><property name="Owner" value="snowbird_by_hax"/><property name="Resource_Physical" value="1"/><property name="Attribute" value="Aerial."/><property name="Text">Setup. Creature form.This card cannot be discarded. Enters play faceup.
Narya gets + 1 hand size.
&lt;b&gt;Hero Action&lt;/b&gt;: Exhaust Human → Search your deck for a creature form and add it to your hand.</property></alternate></card><card name="Owl" id="68071830-cf71-4497-a47d-19c19f016011"><property name="CardNumber" value="201611a"/><property name="Position" value="11"/><property name="Quantity" value="1"/><property name="Faction" value="hero"/><property name="Type" value="upgrade"/><property name="Owner" value="snowbird_by_hax"/><property name="Cost" value="1"/><property name="Resource_Mental" value="1"/><property name="Attribute" value="Aerial. Bird."/><property name="Text">Creature form.
Snowbird gets +1 THW, +1 ATK and ignores guard and patrol.
&lt;b&gt;Hero Action&lt;/b&gt;: Exhaust Owl → reduce the cost of the next &lt;b&gt;&lt;i&gt;THWART&lt;/i&gt;&lt;/b&gt; card you play this round by 1.</property><alternate name="Owl" type="b"><property name="CardNumber" value="201611b"/><property name="Position" value="11"/><property name="Quantity" value="1"/><property name="Faction" value="hero"/><property name="Type" value="upgrade"/><property name="Owner" value="snowbird_by_hax"/><property name="Cost" value="1"/><property name="Resource_Mental" value="1"/><property name="Attribute" value="Aerial. Bird."/><property name="Text">Creature form.
Snowbird gets +1 THW, +1 ATK and ignores guard and patrol.
&lt;b&gt;Hero Action&lt;/b&gt;: Exhaust Owl → reduce the cost of the next &lt;b&gt;&lt;i&gt;THWART&lt;/i&gt;&lt;/b&gt; card you play this round by 1.</property></alternate></card><card name="Seal" id="68071830-cf71-4497-a47d-19c19f016012"><property name="CardNumber" value="201612a"/><property name="Position" value="12"/><property name="Quantity" value="1"/><property name="Faction" value="hero"/><property name="Type" value="upgrade"/><property name="Owner" value="snowbird_by_hax"/><property name="Cost" value="1"/><property name="Resource_Energy" value="1"/><property name="Attribute" value="Creature."/><property name="Text">Creature form.
Snowbird gets -1 ATK, +1 DEF and gains agile 1.
&lt;b&gt;Hero Action&lt;/b&gt;: Exhaust Seal → reduce the cost of the next &lt;b&gt;&lt;i&gt;TACTIC &lt;/i&gt;&lt;/b&gt;card you play this round by 1.</property><alternate name="Seal" type="b"><property name="CardNumber" value="201612b"/><property name="Position" value="12"/><property name="Quantity" value="1"/><property name="Faction" value="hero"/><property name="Type" value="upgrade"/><property name="Owner" value="snowbird_by_hax"/><property name="Cost" value="1"/><property name="Resource_Energy" value="1"/><property name="Attribute" value="Creature."/><property name="Text">Creature form.
Snowbird gets -1 ATK, +1 DEF and gains agile 1.
&lt;b&gt;Hero Action&lt;/b&gt;: Exhaust Seal → reduce the cost of the next &lt;b&gt;&lt;i&gt;TACTIC &lt;/i&gt;&lt;/b&gt;card you play this round by 1.</property></alternate></card><card name="Wendigo" id="68071830-cf71-4497-a47d-19c19f016013"><property name="CardNumber" value="201613a"/><property name="Position" value="13"/><property name="Quantity" value="1"/><property name="Faction" value="hero"/><property name="Type" value="upgrade"/><property name="Owner" value="snowbird_by_hax"/><property name="Cost" value="1"/><property name="Resource_Energy" value="1"/><property name="Attribute" value="Creature. Mystic."/><property name="Text">Creature form.
Snowbird gets -1 THW, +1 ATK and her attacks gain overkill.
&lt;b&gt;Hero Action&lt;/b&gt;: Exhaust Wendigo → reduce the cost of the next &lt;b&gt;&lt;i&gt;MYSTIC &lt;/i&gt;&lt;/b&gt;card you play this round by 1.</property><alternate name="Wendigo" type="b"><property name="CardNumber" value="201613b"/><property name="Position" value="13"/><property name="Quantity" value="1"/><property name="Faction" value="hero"/><property name="Type" value="upgrade"/><property name="Owner" value="snowbird_by_hax"/><property name="Cost" value="1"/><property name="Resource_Energy" value="1"/><property name="Attribute" value="Creature. Mystic."/><property name="Text">Creature form.
Snowbird gets -1 THW, +1 ATK and her attacks gain overkill.
&lt;b&gt;Hero Action&lt;/b&gt;: Exhaust Wendigo → reduce the cost of the next &lt;b&gt;&lt;i&gt;MYSTIC &lt;/i&gt;&lt;/b&gt;card you play this round by 1.</property></alternate></card><card name="Don't Get Stuck!" id="68071830-cf71-4497-a47d-19c19f016014"><property name="CardNumber" value="201614a"/><property name="Position" value="14"/><property name="Quantity" value="1"/><property name="Faction" value="hero"/><property name="Type" value="support"/><property name="Owner" value="snowbird_by_hax"/><property name="Resource_Physical" value="1"/><property name="Text">Permanent. Setup.
&lt;b&gt;Forced Response&lt;/b&gt;: After the villain phase ends, place a permanence counter on your faceup creature form. Then, if there are 4 permanence counters on it, flip this card.
&lt;b&gt;Force Interrupt&lt;/b&gt;: When you flip  this car of flip a creature form facedown, remoce each permance counter from it.</property><alternate name="Stuck!" type="b"><property name="CardNumber" value="201614b"/><property name="Position" value="14"/><property name="Quantity" value="1"/><property name="Faction" value="hero"/><property name="Type" value="support"/><property name="Owner" value="snowbird_by_hax"/><property name="Attribute" value="Curse."/><property name="Text">You cannot resolve  Snowbird's "&lt;i&gt;Great Beasts&lt;/i&gt;" ability. Your faceup creature form and stuck! gain permanent.
&lt;b&gt;When Revealed&lt;/b&gt;: Summon each non permanent creature form and remove them from the game. Treat each number 1 on the faceup creature card as a number 2 instead.</property></alternate></card><card name="Vindicator" id="68071830-cf71-4497-a47d-19c19f016021"><property name="CardNumber" value="201621"/><property name="Position" value="21"/><property name="Quantity" value="1"/><property name="Faction" value="basic"/><property name="Type" value="ally"/><property name="Thwart" value="1"/><property name="ThwartCost" value="1"/><property name="Attack" value="2"/><property name="AttackCost" value="1"/><property name="Cost" value="3"/><property name="Resource_Energy" value="1"/><property name="HP" value="4"/><property name="Attribute" value="Aerial. Alpha Flight."/><property name="Text">Play only if your identity as the &lt;b&gt;&lt;i&gt;ALPHA FLIGHT&lt;/i&gt;&lt;/b&gt; trait.
Toughness. Vindicator gets retaliate 2 while she 3 or more remaining hit points.</property><property name="Quote">&lt;i&gt;"Just in time for the fun to begin!" - Vindicator&lt;/i&gt;</property><property name="Unique" value="True"/></card><card name="Aurora" id="68071830-cf71-4497-a47d-19c19f016022"><property name="CardNumber" value="201622"/><property name="Position" value="22"/><property name="Quantity" value="1"/><property name="Faction" value="basic"/><property name="Type" value="ally"/><property name="Thwart" value="1"/><property name="ThwartCost" value="2"/><property name="Attack" value="1"/><property name="AttackCost" value="2"/><property name="Cost" value="1"/><property name="Resource_Energy" value="1"/><property name="HP" value="2"/><property name="Attribute" value="Aerial. Alpha Flight. X-Men."/><property name="Text">Play only if your identity as the &lt;b&gt;&lt;i&gt;ALPHA FLIGHT&lt;/i&gt;&lt;/b&gt; or &lt;b&gt;&lt;i&gt;X-MEN&lt;/i&gt;&lt;/b&gt; trait.
Companion. Fleeting.
&lt;b&gt;Response&lt;/b&gt;: After Aurora enters or leaves play, deal 1 damage to an enemy.</property><property name="Unique" value="True"/></card><card name="Captain Marvel" id="68071830-cf71-4497-a47d-19c19f016023"><property name="CardNumber" value="201623"/><property name="Position" value="23"/><property name="Quantity" value="1"/><property name="Faction" value="basic"/><property name="Type" value="ally"/><property name="Thwart" value="2"/><property name="ThwartCost" value="2"/><property name="Attack" value="null"/><property name="AttackCost" value="2"/><property name="Cost" value="4"/><property name="Resource_Energy" value="1"/><property name="HP" value="4"/><property name="Attribute" value="Aerial. Alpha Flight."/><property name="Text">Play only if your identity as the &lt;b&gt;&lt;i&gt;ALPHA FLIGHT&lt;/i&gt;&lt;/b&gt; trait.
[star] &lt;b&gt;Interrupt&lt;/b&gt;: When Captain Marvel attacks, choose up to X enemies, where X is equal to the number of &lt;b&gt;&lt;i&gt;AERIAL&lt;/i&gt;&lt;/b&gt; characters you control → deal 2 damage to each chosen enemy.</property><property name="Unique" value="True"/></card><card name="Guardian" id="68071830-cf71-4497-a47d-19c19f016024"><property name="CardNumber" value="201624"/><property name="Position" value="24"/><property name="Quantity" value="1"/><property name="Faction" value="basic"/><property name="Type" value="ally"/><property name="Thwart" value="2"/><property name="ThwartCost" value="1"/><property name="Attack" value="2"/><property name="AttackCost" value="1"/><property name="Cost" value="4"/><property name="Resource_Mental" value="1"/><property name="HP" value="3"/><property name="Attribute" value="Aerial. Alpha Flight."/><property name="Text">Play only if your identity as the &lt;b&gt;&lt;i&gt;ALPHA FLIGHT&lt;/i&gt;&lt;/b&gt; trait.
Toughness. Guardian gets +1 THW ans +1 ATK while he has 3 or more remaining hit points.</property><property name="Quote">&lt;i&gt;"And STAY out, eh!" -Guardian&lt;/i&gt;</property><property name="Unique" value="True"/></card><card name="Marrina" id="68071830-cf71-4497-a47d-19c19f016025"><property name="CardNumber" value="201625"/><property name="Position" value="25"/><property name="Quantity" value="1"/><property name="Faction" value="basic"/><property name="Type" value="ally"/><property name="Thwart" value="1"/><property name="ThwartCost" value="2"/><property name="Attack" value="1"/><property name="AttackCost" value="2"/><property name="Cost" value="2"/><property name="Resource_Physical" value="1"/><property name="HP" value="3"/><property name="Attribute" value="Alpha Flight."/><property name="Text">Play only if your identity as the &lt;b&gt;&lt;i&gt;ALPHA FLIGHT&lt;/i&gt;&lt;/b&gt; trait.
&lt;b&gt;Response&lt;/b&gt;: After an enemy attacks Marrina, stun that enemy.</property><property name="Quote">&lt;i&gt;"The next time they try and break someone, they'll remember they're pretty fragile too." -Marrina&lt;/i&gt;</property><property name="Unique" value="True"/></card><card name="Nothstar" id="68071830-cf71-4497-a47d-19c19f016026"><property name="CardNumber" value="201626"/><property name="Position" value="26"/><property name="Quantity" value="1"/><property name="Faction" value="basic"/><property name="Type" value="ally"/><property name="Thwart" value="1"/><property name="ThwartCost" value="2"/><property name="Attack" value="1"/><property name="AttackCost" value="2"/><property name="Cost" value="1"/><property name="Resource_Energy" value="1"/><property name="HP" value="2"/><property name="Attribute" value="Aerial. Alpha Flight. X-Men."/><property name="Text">Play only if your identity as the &lt;b&gt;&lt;i&gt;ALPHA FLIGHT&lt;/i&gt;&lt;/b&gt; or &lt;b&gt;&lt;i&gt;X-MEN&lt;/i&gt;&lt;/b&gt; trait.
Companion. Fleeting.
&lt;b&gt;Response&lt;/b&gt;: After Aurora enters or leaves play, remove 1 threat from a scheme.</property><property name="Unique" value="True"/></card><card name="Puck" id="68071830-cf71-4497-a47d-19c19f016027"><property name="CardNumber" value="201627"/><property name="Position" value="27"/><property name="Quantity" value="1"/><property name="Faction" value="basic"/><property name="Type" value="ally"/><property name="Thwart" value="2"/><property name="ThwartCost" value="1"/><property name="Attack" value="2"/><property name="AttackCost" value="1"/><property name="Cost" value="2"/><property name="Resource_Physical" value="1"/><property name="HP" value="2"/><property name="Attribute" value="Alpha Flight."/><property name="Text">Play only if your identity as the &lt;b&gt;&lt;i&gt;ALPHA FLIGHT&lt;/i&gt;&lt;/b&gt; trait.
Reduce the amount of damage Puck takes from eac attack by 1..</property><property name="Quote">"I was BORN ready! Sakkatchewan steel coming through!" -Puck</property><property name="Unique" value="True"/></card><card name="Sasquatch" id="68071830-cf71-4497-a47d-19c19f016028"><property name="CardNumber" value="201628"/><property name="Position" value="28"/><property name="Quantity" value="1"/><property name="Faction" value="basic"/><property name="Type" value="ally"/><property name="Thwart" value="2"/><property name="ThwartCost" value="2"/><property name="Attack" value="1"/><property name="AttackCost" value="1"/><property name="Cost" value="5"/><property name="Resource_Mental" value="1"/><property name="HP" value="4"/><property name="Attribute" value="Alpha Flight. Gamma."/><property name="Text">Play only if your identity as the &lt;b&gt;&lt;i&gt;ALPHA FLIGHT&lt;/i&gt;&lt;/b&gt; or &lt;b&gt;&lt;i&gt;GAMMA &lt;/i&gt;&lt;/b&gt;trait.
&lt;b&gt;[star]&lt;/b&gt; If you paid for this card using only [mental] resources, your hero gets +1 hand size untl Sasquatch leaves play. If you paid for this  card using only [physical] resources, Sasquatch gets +3 ATK.</property><property name="Unique" value="True"/></card><card name="Shaman" id="68071830-cf71-4497-a47d-19c19f016029"><property name="CardNumber" value="201629"/><property name="Position" value="29"/><property name="Quantity" value="1"/><property name="Faction" value="basic"/><property name="Type" value="ally"/><property name="Thwart" value="1"/><property name="ThwartCost" value="1"/><property name="Attack" value="1"/><property name="AttackCost" value="1"/><property name="Cost" value="3"/><property name="Resource_Mental" value="1"/><property name="HP" value="2"/><property name="Attribute" value="Alpha Flight. Mystic."/><property name="Text">Play only if your identity as the &lt;b&gt;&lt;i&gt;ALPHA FLIGHT&lt;/i&gt;&lt;/b&gt; or &lt;b&gt;&lt;i&gt;MYSTIC &lt;/i&gt;&lt;/b&gt;trait.
&lt;b&gt;Hero Action: &lt;/b&gt;Exhaust Shaman → draw 1 card. If that card is an aspect or basic card, deal 1 damage to him.</property><property name="Quote">"The spirits defer to my presence." -Shaman</property><property name="Unique" value="True"/></card><card name="Snowbird" id="68071830-cf71-4497-a47d-19c19f016030"><property name="CardNumber" value="201630"/><property name="Position" value="30"/><property name="Quantity" value="1"/><property name="Faction" value="basic"/><property name="Type" value="ally"/><property name="Thwart" value="1"/><property name="ThwartCost" value="1"/><property name="Attack" value="1"/><property name="AttackCost" value="1"/><property name="Cost" value="3"/><property name="Resource_Physical" value="1"/><property name="HP" value="3"/><property name="Attribute" value="Alpha Flight. Mystic."/><property name="Text">Play only if your identity as the &lt;b&gt;&lt;i&gt;ALPHA FLIGHT&lt;/i&gt;&lt;/b&gt; or &lt;b&gt;&lt;i&gt;MYSTIC &lt;/i&gt;&lt;/b&gt;trait.
&lt;b&gt;Response: &lt;/b&gt;After Snowbird enters play, choose one:
. Snowbird gets +1 ATK and her attacks gain piercing,
. Snowbird gets + 2 hit points and gains retaliate 2,
. Snowbird gets +1 THW and gains the &lt;b&gt;&lt;i&gt;AERIAL &lt;/i&gt;&lt;/b&gt;trait.</property><property name="Unique" value="True"/></card><card name="Hang on to Humanity" id="68071830-cf71-4497-a47d-19c19f016015" size="EncounterCard"><property name="DefaultSetupPile" value="Nemesis"/><property name="CardNumber" value="201615"/><property name="Position" value="15"/><property name="Quantity" value="1"/><property name="Faction" value="encounter"/><property name="Type" value="obligation"/><property name="Owner" value="alpha_flight_by_hax"/><property name="Boost" value="2"/><property name="Text">&lt;b&gt;Give to the Narya Player.&lt;/b&gt;
You may flip to alter-ego form. Choose:
. Exhaust Narya → remove Hang on to Humanity from the game.
. Place 2 permanence counters on your faceup creature form. Discard this obligation.</property></card><card name="Master of the World" id="68071830-cf71-4497-a47d-19c19f016016" size="EncounterCard"><property name="CardNumber" value="201616"/><property name="Position" value="16"/><property name="Quantity" value="1"/><property name="Faction" value="encounter"/><property name="Type" value="minion"/><property name="Owner" value="alpha_flight_by_hax_nemesis"/><property name="Attack" value="1"/><property name="Scheme" value="2"/><property name="Boost" value="3"/><property name="HP" value="5"/><property name="Attribute" value="Aerial. Genius."/><property name="Text">Drone minions get +1 SCH, +1 ATK and +1 hit points. master of the world gets +1 ATK for each acceleration token in play.
&lt;b&gt;Forced Interrupt&lt;/b&gt;: When Master fo the world attacks, resolve his attack aganst each &lt;b&gt;&lt;i&gt;ALPHA FLIGHT &lt;/i&gt;&lt;/b&gt;character.
(&lt;b&gt;&lt;i&gt;ALPHA FLIGHT&lt;/i&gt;&lt;/b&gt; nemesis minion.)</property><property name="Unique" value="True"/></card><card name="Drone Master" id="68071830-cf71-4497-a47d-19c19f016017" size="SchemeCard"><property name="CardNumber" value="201617"/><property name="Position" value="17"/><property name="Quantity" value="1"/><property name="Faction" value="encounter"/><property name="Type" value="side_scheme"/><property name="Owner" value="alpha_flight_by_hax_nemesis"/><property name="BaseThreatFixed" value="False"/><property name="EscalationThreatFixed" value="False"/><property name="Text">Permanent.
&lt;b&gt;Forced Response&lt;/b&gt;: After your turn ends, if there is 1 or more threat here, resolve the "&lt;i&gt;Drone Master&lt;/i&gt;" ability.
&lt;i&gt;Drone Master&lt;/i&gt; - &lt;b&gt;Special&lt;/b&gt;: Discard te top 2 cards of the encounter deck. put each trachery discarded this way into play facedown, engaged with you  as a drone minion. Each facedown encounter card Drone minon has base hit points of 1, base SCH of 0, base attack of 0 and the &lt;b&gt;&lt;i&gt;AERIAL&lt;/i&gt;&lt;/b&gt; trait.</property><property name="Unique" value="True"/></card><card name="Alpha Drone" id="68071830-cf71-4497-a47d-19c19f016018" size="EncounterCard"><property name="CardNumber" value="201618"/><property name="Position" value="18"/><property name="Quantity" value="1"/><property name="Faction" value="encounter"/><property name="Type" value="minion"/><property name="Owner" value="alpha_flight_by_hax_nemesis"/><property name="Attack" value="1"/><property name="Scheme" value="1"/><property name="Boost" value="1"/><property name="HP" value="3"/><property name="BaseThreat" value="2"/><property name="Attribute" value="Aerial. Drone."/><property name="Text">&lt;b&gt;&lt;i&gt;DRONE &lt;/i&gt;&lt;/b&gt;minons gain ranged.
&lt;b&gt;When Revealed&lt;/b&gt;: Resolve the "Drone Master" ability.
&lt;b&gt;When defeated&lt;/b&gt;: Resolve the "Drone Master" ability.
[star] &lt;b&gt;Boost&lt;/b&gt;: Place 3 threat on the Drone Master side scheme.</property></card><card name="Gravity Displacement" id="68071830-cf71-4497-a47d-19c19f016019" size="EncounterCard"><property name="CardNumber" value="201619"/><property name="Position" value="19"/><property name="Quantity" value="1"/><property name="Faction" value="encounter"/><property name="Type" value="environment"/><property name="Owner" value="alpha_flight_by_hax_nemesis"/><property name="Boost" value="1"/><property name="Text">&lt;b&gt;&lt;i&gt;AERIAL&lt;/i&gt;&lt;/b&gt; characters get -1 ATK and -1 DEF. Ranged attacks deal 1 additional damage.
&lt;b&gt;Action&lt;/b&gt;: Discard 2 cards from you hand and the top 5 cards of the encounter deck → draw 2 cards. If the combined cost of those cards is 3 or more, discard this card.
[star] &lt;b&gt;Boost&lt;/b&gt;: Place 3 threat on the Drone Master side scheme.</property></card><card name="Increasing Drones" id="68071830-cf71-4497-a47d-19c19f016020" size="EncounterCard"><property name="CardNumber" value="201620"/><property name="Position" value="20"/><property name="Quantity" value="1"/><property name="Faction" value="encounter"/><property name="Type" value="environment"/><property name="Owner" value="alpha_flight_by_hax_nemesis"/><property name="Boost" value="1"/><property name="Attribute" value="Condition."/><property name="Text">Each &lt;b&gt;&lt;i&gt;DRONE &lt;/i&gt;&lt;/b&gt;minion gets +1 ATK and gains toughness and retaliate 1.
&lt;b&gt;Hero Response&lt;/b&gt;: After you defeat a &lt;b&gt;&lt;i&gt;DRONE&lt;/i&gt;&lt;/b&gt; minion, spend 2[per_hero] resources → discard this card.
[star] &lt;b&gt;Boost&lt;/b&gt;: Place 3 threat on the Drone Master side scheme.</property></card></cards>
</set>
