<?xml version='1.0' encoding='utf-8' standalone='yes'?>
<set name="Angela" id="7146ec51-0500-47b8-9c64-cba3ab051845" gameId="055c536f-adba-4bc2-acbf-9aefb9756046" gameVersion="0.0.0.0" version="1.0.0.0">
  <cards>
    <card id="7146ec51-0500-47b8-9c64-cba3ab000000" name="angela_by_odysseus">
      <property name="Type" value="fm_hero_setup"/>
      <property name="Owner" value="angela_by_odysseus"/>
    </card>
    <card id="7146ec51-0500-47b8-9c64-cba3ab990000" name="angela_by_odysseus">
      <property name="Type" value="fm_encounter_setup"/>
      <property name="Owner" value="angela_by_odysseus_nemesis"/>
    </card>
    <card name="Angela" id="7146ec51-0500-47b8-9c64-cba3ab024001">
      <property name="CardNumber" value="202401a"/>
      <property name="Position" value="1"/>
      <property name="Quantity" value="1"/>
      <property name="Faction" value="hero"/>
      <property name="Type" value="hero"/>
      <property name="Owner" value="angela_by_odysseus"/>
      <property name="HandSize" value="4"/>
      <property name="Thwart" value="1"/>
      <property name="Attack" value="2"/>
      <property name="Defense" value="2"/>
      <property name="HP" value="13"/>
      <property name="Attribute" value="Asgard. Guardian."/>
      <property name="Text">&lt;i&gt;Frenzy&lt;/i&gt; — &lt;b&gt;Response&lt;/b&gt;: After you defeat a minion, ready Angela. (Limit once per round.)</property>
      <property name="Quote">&lt;i&gt;“Maybe one of you will be spared...
 We'll see how I feel.”&lt;/i&gt;</property>
      <property name="Unique" value="True"/>
      <alternate name="Aldrif Odinsdottir" type="b">
        <property name="CardNumber" value="202401b"/>
        <property name="Position" value="1"/>
        <property name="Quantity" value="1"/>
        <property name="Faction" value="hero"/>
        <property name="Type" value="alter_ego"/>
        <property name="Owner" value="angela_by_odysseus"/>
        <property name="HandSize" value="6"/>
        <property name="Recovery" value="4"/>
        <property name="HP" value="13"/>
        <property name="Attribute" value="Asgard."/>
        <property name="Text">&lt;b&gt;Setup&lt;/b&gt;: Search your deck and discard pile for a [[weapon]] card and add it to your hand. Shuffle your deck.
[star] &lt;i&gt;Of Heven and Hel&lt;/i&gt; — Aldrif Odinsdottir gets +1 REC for each [[weapon]] you control.</property>
        <property name="Unique" value="True"/>
      </alternate>
    </card>
    <card name="Sera" id="7146ec51-0500-47b8-9c64-cba3ab024002">
      <property name="CardNumber" value="202402"/>
      <property name="Position" value="2"/>
      <property name="Quantity" value="1"/>
      <property name="Faction" value="hero"/>
      <property name="Type" value="ally"/>
      <property name="Owner" value="angela_by_odysseus"/>
      <property name="Thwart" value="1"/>
      <property name="Attack" value="2"/>
      <property name="AttackCost" value="1"/>
      <property name="Cost" value="3"/>
      <property name="Resource_Wild" value="1"/>
      <property name="HP" value="2"/>
      <property name="Attribute" value="Heven."/>
      <property name="Text">Angela gets +1 hand size.</property>
      <property name="Quote">&lt;i&gt;“Forgive me, my love! I will never again leave you out of my sight.” -Angela&lt;/i&gt;</property>
      <property name="Unique" value="True"/>
    </card>
    <card name="Heven's Fury" id="7146ec51-0500-47b8-9c64-cba3ab024003">
      <property name="CardNumber" value="202403"/>
      <property name="Position" value="3"/>
      <property name="Quantity" value="3"/>
      <property name="Faction" value="hero"/>
      <property name="Type" value="event"/>
      <property name="Owner" value="angela_by_odysseus"/>
      <property name="Cost" value="3"/>
      <property name="Resource_Energy" value="1"/>
      <property name="Attribute" value="Attack."/>
      <property name="Text">&lt;b&gt;Hero Action&lt;/b&gt; &lt;i&gt;(attack)&lt;/i&gt;: Deal 7 damage to an enemy. You may exhaust a [[weapon]] you control. If you do, divide the damage among enemies in play instead.</property>
      <property name="Quote">&lt;i&gt;“I will send you straight to Hel !” -Angela&lt;/i&gt;</property>
    </card>
    <card name="Murderous Glare" id="7146ec51-0500-47b8-9c64-cba3ab024004">
      <property name="CardNumber" value="202404"/>
      <property name="Position" value="4"/>
      <property name="Quantity" value="3"/>
      <property name="Faction" value="hero"/>
      <property name="Type" value="event"/>
      <property name="Owner" value="angela_by_odysseus"/>
      <property name="Cost" value="0"/>
      <property name="Resource_Mental" value="1"/>
      <property name="Attribute" value="Thwart."/>
      <property name="Text">&lt;b&gt;Response&lt;/b&gt; &lt;i&gt;(thwart)&lt;/i&gt;: After Angela attacks and defeats an enemy, remove 2 threat from a scheme. Remove 1 additional threat from that scheme for each minion you defeated this round.</property>
      <property name="Quote">&lt;i&gt;“I'm not done yet.” -Angela&lt;/i&gt;</property>
    </card>
    <card name="Single Out" id="7146ec51-0500-47b8-9c64-cba3ab024005">
      <property name="CardNumber" value="202405"/>
      <property name="Position" value="5"/>
      <property name="Quantity" value="3"/>
      <property name="Faction" value="hero"/>
      <property name="Type" value="event"/>
      <property name="Owner" value="angela_by_odysseus"/>
      <property name="Cost" value="0"/>
      <property name="Resource_Physical" value="1"/>
      <property name="Attribute" value="Tactic."/>
      <property name="Text">&lt;b&gt;Hero Interrupt&lt;/b&gt;: When a treachery card is revealed from the encounter deck, cancel its “&lt;b&gt;When Revealed&lt;/b&gt;” effects. Search the encounter deck for a minion and put it into play engaged with any player.</property>
    </card>
    <card name="Angelic Ribbons" id="7146ec51-0500-47b8-9c64-cba3ab024006">
      <property name="CardNumber" value="202406"/>
      <property name="Position" value="6"/>
      <property name="Quantity" value="1"/>
      <property name="Faction" value="hero"/>
      <property name="Type" value="upgrade"/>
      <property name="Owner" value="angela_by_odysseus"/>
      <property name="Cost" value="1"/>
      <property name="Resource_Mental" value="1"/>
      <property name="Attribute" value="Weapon."/>
      <property name="Text">Angela gains steady.
&lt;b&gt;
Hero Interrupt&lt;/b&gt;: When an enemy
activates, discard this card → that enemy gets -X ATK and -X SCH for that activation, where X is Angela's ATK.</property>
    </card>
    <card name="Asgard's Assassin" id="7146ec51-0500-47b8-9c64-cba3ab024007">
      <property name="CardNumber" value="202407"/>
      <property name="Position" value="7"/>
      <property name="Quantity" value="2"/>
      <property name="Faction" value="hero"/>
      <property name="Type" value="upgrade"/>
      <property name="Owner" value="angela_by_odysseus"/>
      <property name="Cost" value="2"/>
      <property name="Resource_Physical" value="1"/>
      <property name="Attribute" value="Asgard. Title."/>
      <property name="Text">&lt;b&gt;Hero Resource&lt;/b&gt;: Exhaust Asgard's Assassin → generate a [physical] resource
(if you defeated a minion this round, generate [wild] instead).</property>
      <property name="Quote">&lt;i&gt;“Asgard deems you unworthy.” -Angela&lt;/i&gt;</property>
    </card>
    <card name="Siri's Dress" id="7146ec51-0500-47b8-9c64-cba3ab024008">
      <property name="CardNumber" value="202408"/>
      <property name="Position" value="8"/>
      <property name="Quantity" value="1"/>
      <property name="Faction" value="hero"/>
      <property name="Type" value="upgrade"/>
      <property name="Owner" value="angela_by_odysseus"/>
      <property name="Cost" value="2"/>
      <property name="Resource_Energy" value="1"/>
      <property name="Attribute" value="Armor. Asgard."/>
      <property name="Text">You get +4 hit points.
Angela gains the [[aerial]] trait.</property>
      <property name="Quote">&lt;i&gt;“Pretty well armored for a dress.” -Angela&lt;/i&gt;</property>
      <property name="Unique" value="True"/>
    </card>
    <card name="Xiphos" id="7146ec51-0500-47b8-9c64-cba3ab024009">
      <property name="CardNumber" value="202409"/>
      <property name="Position" value="9"/>
      <property name="Quantity" value="1"/>
      <property name="Faction" value="hero"/>
      <property name="Type" value="upgrade"/>
      <property name="Owner" value="angela_by_odysseus"/>
      <property name="Cost" value="2"/>
      <property name="Resource_Energy" value="1"/>
      <property name="Attribute" value="Asgard. Weapon."/>
      <property name="Text">Restricted.
Angela gets +1 ATK.
&lt;b&gt;Response&lt;/b&gt;: After Angela defeats a minion, draw a card. (Limit once per round.)</property>
      <property name="Unique" value="True"/>
    </card>
    <card name="Banished from Asgard" id="7146ec51-0500-47b8-9c64-cba3ab024010" size="EncounterCard">
      <property name="DefaultSetupPile" value="Nemesis"/>
      <property name="CardNumber" value="202410"/>
      <property name="Position" value="10"/>
      <property name="Quantity" value="1"/>
      <property name="Faction" value="encounter"/>
      <property name="Type" value="obligation"/>
      <property name="Owner" value="angela_by_odysseus"/>
      <property name="Boost" value="2"/>
      <property name="Text">You may flip to alter-ego form. Choose:
Exhaust Aldrif Odinsdottir → remove Banished from Asgard from the game.
Discard 1 [[asgard]] card you control. You are stunned. If no card was discarded this way, this card gains surge. Discard this obligation.</property>
    </card>
    <card name="Hel's Retribution" id="7146ec51-0500-47b8-9c64-cba3ab024011" size="SchemeCard">
      <property name="CardNumber" value="202411"/>
      <property name="Position" value="11"/>
      <property name="Quantity" value="1"/>
      <property name="Faction" value="encounter"/>
      <property name="Type" value="side_scheme"/>
      <property name="Owner" value="angela_by_odysseus_nemesis"/>
      <property name="Boost" value="3"/>
      <property name="BaseThreat" value="2"/>
      <property name="BaseThreatFixed" value="False"/>
      <property name="EscalationThreatFixed" value="False"/>
      <property name="Text">&lt;i&gt;“Hela has come to settle her score with the Asgardian usurper.”
&lt;/i&gt;&lt;b&gt;When Revealed&lt;/b&gt;: Discard cards from the top of your deck equal to the number of [[asgard]] cards in play.
[hazard]</property>
    </card>
    <card name="Hela" id="7146ec51-0500-47b8-9c64-cba3ab024012" size="EncounterCard">
      <property name="CardNumber" value="202412"/>
      <property name="Position" value="12"/>
      <property name="Quantity" value="1"/>
      <property name="Faction" value="encounter"/>
      <property name="Type" value="minion"/>
      <property name="Owner" value="angela_by_odysseus_nemesis"/>
      <property name="Attack" value="2"/>
      <property name="Scheme" value="2"/>
      <property name="Boost" value="2"/>
      <property name="HP" value="4"/>
      <property name="Attribute" value="Asgard. Elite. Mystic."/>
      <property name="Text">While there are other minions in play, Hela cannot take damage.
&lt;b&gt;
Forced Interrupt&lt;/b&gt;: When you defeat
a minion, discard a card from your hand.
&lt;i&gt;(Angela's nemesis minion.)
&lt;/i&gt;</property>
      <property name="Unique" value="True"/>
    </card>
    <card name="Hel-Wolf" id="7146ec51-0500-47b8-9c64-cba3ab024013" size="EncounterCard">
      <property name="CardNumber" value="202413"/>
      <property name="Position" value="13"/>
      <property name="Quantity" value="1"/>
      <property name="Faction" value="encounter"/>
      <property name="Type" value="minion"/>
      <property name="Owner" value="angela_by_odysseus_nemesis"/>
      <property name="Attack" value="3"/>
      <property name="Scheme" value="1"/>
      <property name="Boost" value="2"/>
      <property name="HP" value="6"/>
      <property name="Attribute" value="Creature. Undead."/>
      <property name="Text">[star]The engaged player must defend against Hel-Wolf's attacks with an ally they control, if able.
[star]&lt;b&gt;Boost&lt;/b&gt;: This attack gains overkill.</property>
      <property name="Unique" value="True"/>
    </card>
    <card name="Disir" id="7146ec51-0500-47b8-9c64-cba3ab024014" size="EncounterCard">
      <property name="CardNumber" value="202414"/>
      <property name="Position" value="14"/>
      <property name="Quantity" value="1"/>
      <property name="Faction" value="encounter"/>
      <property name="Type" value="minion"/>
      <property name="Owner" value="angela_by_odysseus_nemesis"/>
      <property name="Attack" value="2"/>
      <property name="Scheme" value="1"/>
      <property name="Boost" value="1"/>
      <property name="HP" value="4"/>
      <property name="Attribute" value="Asgard. Undead."/>
      <property name="Text">&lt;b&gt;Forced Interrupt&lt;/b&gt;: When Disir would be defeated, shuffle them into the encounter deck instead.
[star]&lt;b&gt;Boost&lt;/b&gt;: After this activation ends, shuffle this card back into the encounter deck.</property>
      <property name="Unique" value="True"/>
    </card>
    <card name="Back from Hel" id="7146ec51-0500-47b8-9c64-cba3ab024015" size="EncounterCard">
      <property name="CardNumber" value="202415"/>
      <property name="Position" value="15"/>
      <property name="Quantity" value="1"/>
      <property name="Faction" value="encounter"/>
      <property name="Type" value="treachery"/>
      <property name="Owner" value="angela_by_odysseus_nemesis"/>
      <property name="Boost" value="1"/>
      <property name="Text">&lt;b&gt;When Revealed&lt;/b&gt;: Search the encounter discard pile for the bottom most minion and reveal it.
&lt;b&gt; Boost&lt;/b&gt;: If you are engaged with a minion. this attack gains 1 additional boost icon ([boost]).</property>
    </card>
  </cards>
</set>
