<?xml version='1.0' encoding='utf-8' standalone='yes'?>
<set name="Angela" id="7146ec51-0500-47b8-9c64-cba3ab051845" gameId="055c536f-adba-4bc2-acbf-9aefb9756046" gameVersion="0.0.0.0" version="1.0.0.0">
  <cards>
    <card id="7146ec51-0500-47b8-9c64-cba3ab000000" name="angela_by_odysseus">
      <property name="Type" value="fm_hero_setup"/>
      <property name="Owner" value="angela_by_odysseus"/>
    </card>
    <card id="7146ec51-0500-47b8-9c64-cba3ab990000" name="angela_by_odysseus">
      <property name="Type" value="fm_encounter_setup"/>
      <property name="Owner" value="angela_by_odysseus_nemesis"/>
    </card>
  </cards>
</set>
