<?xml version='1.0' encoding='utf-8' standalone='yes'?>
<set name="Hunting Season" id="a1825670-a77e-4e37-89e8-9e629bc7892e" gameId="055c536f-adba-4bc2-acbf-9aefb9756046" gameVersion="0.0.0.0" version="1.0.0.0">
  <cards><card id="a1825670-a77e-4e37-89e8-9e629b900009" name="Savage Six">
        <property name="Type" value="encounter_setup"/>
        <property name="Owner" value="savage_six_by_nugget"/>
    </card>
<card id="a1825670-a77e-4e37-89e8-9e629b900008" name="Red Vulture">
        <property name="Type" value="encounter_setup"/>
        <property name="Owner" value="red_vulture_by_nugge"/>
    </card>
     <card id="a1825670-a77e-4e37-89e8-9e629b900007" name="Lizard Thralls">
        <property name="Type" value="encounter_setup"/>
        <property name="Owner" value="lizard_thralls_by_nugget"/>
    </card>
     <card id="a1825670-a77e-4e37-89e8-9e629b900005" name="Kraven">
        <property name="Type" value="fm_villain_setup"/>
        <property name="Owner" value="kraven_by_nugget"/>
        <property name="nbModular" value="1"/>
        <property name="recommendedModular" value="{'savage_six_by_nugget':['Savage Six', 'Encounter', False]}"/>
        <property name="mandatoryModular" value="{'kraven_trap_by_nugget':['Kraven Trap', 'special', True], 'the_lodge-campaign_by_nugget':['The Lodge', 'Campaign', False], 'hunter_mode_by_nugget':['Hunter Mode', 'Campaign', False], 'hunt_campaign_by_nugget':['Hunting Season Campaign', 'Campaign', False], 'hunt_campaign_expert_by_nugget':['Hunting Season Campaign Expert', 'Campaign', False] }"/>
    </card>
    <card id="a1825670-a77e-4e37-89e8-9e629b900004" name="Vulture">
        <property name="Type" value="fm_villain_setup"/>
        <property name="Owner" value="vulture_by_nugget"/>
        <property name="nbModular" value="1"/>
        <property name="recommendedModular" value="{'red_vulture_by_nugget':['Red Vulture', 'Encounter', False]}"/>
        <property name="mandatoryModular" value="{'the_lodge-campaign_by_nugget':['The Lodge', 'Campaign', False], 'hunter_mode_by_nugget':['Hunter Mode', 'Campaign', False], 'hunt_campaign_by_nugget':['Hunting Season Campaign', 'Campaign', False], 'hunt_campaign_expert_by_nugget':['Hunting Season Campaign Expert', 'Campaign', False] }"/>
    </card>
    <card id="a1825670-a77e-4e37-89e8-9e629b900003" name="Lizard">
        <property name="Type" value="fm_villain_setup"/>
        <property name="Owner" value="lizard_by_nugget"/>
        <property name="nbModular" value="1"/>
        <property name="recommendedModular" value="{'lizard_thralls_by_nugget':['Lizard Thralls', 'Encounter', False]}"/>
        <property name="mandatoryModular" value="{'the_lodge-campaign_by_nugget':['The Lodge', 'Campaign', False], 'hunter_mode_by_nugget':['Hunter Mode', 'Campaign', False], 'hunt_campaign_by_nugget':['Hunting Season Campaign', 'Campaign', False], 'hunt_campaign_expert_by_nugget':['Hunting Season Campaign Expert', 'Campaign', False] }"/>
    </card>
    <card id="a1825670-a77e-4e37-89e8-9e629b900002" name="Scorpion">
        <property name="Type" value="fm_villain_setup"/>
        <property name="Owner" value="scorpion_by_nugget"/>
        <property name="nbModular" value="1"/>
        <property name="recommendedModular" value="{'feral_instincts_by_nugget':['Feral Instincts', 'Encounter', False]}"/>
        <property name="mandatoryModular" value="{'the_lodge-campaign_by_nugget':['The Lodge', 'Campaign', False], 'hunter_mode_by_nugget':['Hunter Mode', 'Campaign', False], 'hunt_campaign_by_nugget':['Hunting Season Campaign', 'Campaign', False], 'hunt_campaign_expert_by_nugget':['Hunting Season Campaign Expert', 'Campaign', False] }"/>
    </card>
    <card id="a1825670-a77e-4e37-89e8-9e629b900001" name="Vermin">
        <property name="Type" value="fm_villain_setup"/>
        <property name="Owner" value="vermin_by_nugget"/>
        <property name="nbModular" value="1"/>
        <property name="recommendedModular" value="{'feral_instincts_by_nugget':['Feral Instincts', 'Encounter', False]}"/>
        <property name="mandatoryModular" value="{'the_lodge-campaign_by_nugget':['The Lodge', 'Campaign', False], 'hunter_mode_by_nugget':['Hunter Mode', 'Campaign', False], 'hunt_campaign_by_nugget':['Hunting Season Campaign', 'Campaign', False], 'hunt_campaign_expert_by_nugget':['Hunting Season Campaign Expert', 'Campaign', False] }"/>
    </card>
    <card name="Rabid Rodents" id="a1825670-a77e-4e37-89e8-9e629b001115" size="EncounterCard"><property name="CardNumber" value="500215"/><property name="Position" value="115"/><property name="Quantity" value="1"/><property name="Faction" value="campaign"/><property name="Type" value="environment"/><property name="Owner" value="hunter_mode_by_nugget"/></card><card name="Sting of the Scorpion" id="a1825670-a77e-4e37-89e8-9e629b001116" size="EncounterCard"><property name="CardNumber" value="500216"/><property name="Position" value="116"/><property name="Quantity" value="1"/><property name="Faction" value="campaign"/><property name="Type" value="environment"/><property name="Owner" value="hunter_mode_by_nugget"/></card><card name="Cold Blooded" id="a1825670-a77e-4e37-89e8-9e629b001117" size="EncounterCard"><property name="CardNumber" value="500217"/><property name="Position" value="117"/><property name="Quantity" value="1"/><property name="Faction" value="campaign"/><property name="Type" value="environment"/><property name="Owner" value="hunter_mode_by_nugget"/></card><card name="Aerial Excellence" id="a1825670-a77e-4e37-89e8-9e629b001118" size="EncounterCard"><property name="CardNumber" value="500218"/><property name="Position" value="118"/><property name="Quantity" value="1"/><property name="Faction" value="campaign"/><property name="Type" value="environment"/><property name="Owner" value="hunter_mode_by_nugget"/></card><card name="Master Trapper" id="a1825670-a77e-4e37-89e8-9e629b001119" size="EncounterCard"><property name="CardNumber" value="500219"/><property name="Position" value="119"/><property name="Quantity" value="1"/><property name="Faction" value="campaign"/><property name="Type" value="environment"/><property name="Owner" value="hunter_mode_by_nugget"/></card><card name="Rocket Raccon" id="a1825670-a77e-4e37-89e8-9e629b001120"><property name="CardNumber" value="500220"/><property name="Position" value="120"/><property name="Quantity" value="1"/><property name="Faction" value="campaign"/><property name="Type" value="ally"/><property name="Owner" value="the_lodge-campaign_by_nugget"/><property name="Thwart" value="2"/><property name="ThwartCost" value="1"/><property name="Attack" value="3"/><property name="AttackCost" value="1"/><property name="Cost" value="2"/><property name="Resource_Wild" value="1"/><property name="HP" value="2"/><property name="Attribute" value="Gardian. Outlaw."/><property name="Unique" value="True"/></card><card name="Old Man Logan" id="a1825670-a77e-4e37-89e8-9e629b001121"><property name="CardNumber" value="500221"/><property name="Position" value="121"/><property name="Quantity" value="1"/><property name="Faction" value="campaign"/><property name="Type" value="ally"/><property name="Owner" value="the_lodge-campaign_by_nugget"/><property name="Thwart" value="1"/><property name="ThwartCost" value="1"/><property name="Attack" value="2"/><property name="AttackCost" value="1"/><property name="Cost" value="3"/><property name="Resource_Wild" value="1"/><property name="HP" value="5"/><property name="Attribute" value="X-Men."/><property name="Unique" value="True"/></card><card name="Black Cat" id="a1825670-a77e-4e37-89e8-9e629b001122"><property name="CardNumber" value="500222"/><property name="Position" value="122"/><property name="Quantity" value="1"/><property name="Faction" value="campaign"/><property name="Type" value="ally"/><property name="Owner" value="the_lodge-campaign_by_nugget"/><property name="Thwart" value="1"/><property name="ThwartCost" value="1"/><property name="Attack" value="1"/><property name="AttackCost" value="1"/><property name="Cost" value="4"/><property name="Resource_Wild" value="1"/><property name="HP" value="3"/><property name="Attribute" value="Hero for hire."/><property name="Unique" value="True"/></card><card name="Ka-Zar" id="a1825670-a77e-4e37-89e8-9e629b001123"><property name="CardNumber" value="500223"/><property name="Position" value="123"/><property name="Quantity" value="1"/><property name="Faction" value="campaign"/><property name="Type" value="ally"/><property name="Owner" value="the_lodge-campaign_by_nugget"/><property name="Thwart" value="2"/><property name="ThwartCost" value="1"/><property name="Attack" value="2"/><property name="AttackCost" value="1"/><property name="Cost" value="2"/><property name="Resource_Wild" value="1"/><property name="HP" value="3"/><property name="Attribute" value="Hunter. Savage Land."/><property name="Unique" value="True"/></card><card name="Gibbon" id="a1825670-a77e-4e37-89e8-9e629b001124"><property name="CardNumber" value="500224"/><property name="Position" value="124"/><property name="Quantity" value="1"/><property name="Faction" value="campaign"/><property name="Type" value="ally"/><property name="Owner" value="the_lodge-campaign_by_nugget"/><property name="Thwart" value="1"/><property name="ThwartCost" value="1"/><property name="Attack" value="1"/><property name="AttackCost" value="1"/><property name="Cost" value="2"/><property name="Resource_Wild" value="1"/><property name="HP" value="3"/><property name="Attribute" value="Criminal. Mutant."/><property name="Unique" value="True"/></card><card name="Evade" id="a1825670-a77e-4e37-89e8-9e629b001125"><property name="CardNumber" value="500225"/><property name="Position" value="125"/><property name="Quantity" value="3"/><property name="Faction" value="campaign"/><property name="Type" value="event"/><property name="Owner" value="the_lodge-campaign_by_nugget"/><property name="Cost" value="0"/><property name="Resource_Wild" value="1"/><property name="Attribute" value="Defense. Skill."/></card><card name="Taunt" id="a1825670-a77e-4e37-89e8-9e629b001126"><property name="CardNumber" value="500226"/><property name="Position" value="126"/><property name="Quantity" value="3"/><property name="Faction" value="campaign"/><property name="Type" value="event"/><property name="Owner" value="the_lodge-campaign_by_nugget"/><property name="Cost" value="0"/><property name="Resource_Wild" value="1"/><property name="Attribute" value="Tactic."/></card><card name="Stead Fast" id="a1825670-a77e-4e37-89e8-9e629b001127"><property name="CardNumber" value="500227"/><property name="Position" value="127"/><property name="Quantity" value="3"/><property name="Faction" value="campaign"/><property name="Type" value="event"/><property name="Owner" value="the_lodge-campaign_by_nugget"/><property name="Cost" value="0"/><property name="Resource_Wild" value="1"/></card><card name="Finish Them Off" id="a1825670-a77e-4e37-89e8-9e629b001128"><property name="CardNumber" value="500228"/><property name="Position" value="128"/><property name="Quantity" value="3"/><property name="Faction" value="campaign"/><property name="Type" value="event"/><property name="Owner" value="the_lodge-campaign_by_nugget"/><property name="Cost" value="0"/><property name="Resource_Wild" value="1"/><property name="Attribute" value="Attack."/></card><card name="fresh Tracks" id="a1825670-a77e-4e37-89e8-9e629b001129"><property name="CardNumber" value="500229"/><property name="Position" value="129"/><property name="Quantity" value="3"/><property name="Faction" value="campaign"/><property name="Type" value="event"/><property name="Owner" value="the_lodge-campaign_by_nugget"/><property name="Cost" value="0"/><property name="Resource_Wild" value="1"/></card><card name="Savage Land" id="a1825670-a77e-4e37-89e8-9e629b001130"><property name="CardNumber" value="500230"/><property name="Position" value="130"/><property name="Quantity" value="1"/><property name="Faction" value="campaign"/><property name="Type" value="support"/><property name="Owner" value="the_lodge-campaign_by_nugget"/><property name="Cost" value="2"/><property name="Resource_Wild" value="1"/><property name="Attribute" value="Location. Savage Land."/></card><card name="Hunting Rifle" id="a1825670-a77e-4e37-89e8-9e629b001131"><property name="CardNumber" value="500231"/><property name="Position" value="131"/><property name="Quantity" value="3"/><property name="Faction" value="campaign"/><property name="Type" value="upgrade"/><property name="Owner" value="the_lodge-campaign_by_nugget"/><property name="Cost" value="2"/><property name="Resource_Wild" value="1"/><property name="Attribute" value="Weapon."/></card><card name="Hatchet" id="a1825670-a77e-4e37-89e8-9e629b001132"><property name="CardNumber" value="500232"/><property name="Position" value="132"/><property name="Quantity" value="3"/><property name="Faction" value="campaign"/><property name="Type" value="upgrade"/><property name="Owner" value="the_lodge-campaign_by_nugget"/><property name="Cost" value="0"/><property name="Resource_Wild" value="1"/><property name="Attribute" value="Weapon."/></card><card name="Hunterbot" id="a1825670-a77e-4e37-89e8-9e629b001133"><property name="CardNumber" value="500233"/><property name="Position" value="133"/><property name="Quantity" value="3"/><property name="Faction" value="campaign"/><property name="Type" value="upgrade"/><property name="Owner" value="the_lodge-campaign_by_nugget"/><property name="Cost" value="1"/><property name="Resource_Wild" value="1"/><property name="Attribute" value="Robot."/></card><card name="Trap" id="a1825670-a77e-4e37-89e8-9e629b001134"><property name="CardNumber" value="500234"/><property name="Position" value="134"/><property name="Quantity" value="3"/><property name="Faction" value="campaign"/><property name="Type" value="upgrade"/><property name="Owner" value="the_lodge-campaign_by_nugget"/><property name="Cost" value="0"/><property name="Resource_Wild" value="1"/><property name="Attribute" value="Preparation."/></card><card name="In Hiding" id="a1825670-a77e-4e37-89e8-9e629b001135"><property name="CardNumber" value="500235"/><property name="Position" value="135"/><property name="Quantity" value="3"/><property name="Faction" value="campaign"/><property name="Type" value="upgrade"/><property name="Owner" value="the_lodge-campaign_by_nugget"/><property name="Cost" value="0"/><property name="Resource_Wild" value="1"/><property name="Attribute" value="Preparation."/></card><card name="Vermin" id="a1825670-a77e-4e37-89e8-9e629b001136" size="EncounterCard"><property name="CardNumber" value="500236"/><property name="Position" value="136"/><property name="Quantity" value="1"/><property name="Faction" value="campaign"/><property name="Type" value="minion"/><property name="Owner" value="hunt_campaign_by_nugget"/><property name="Attack" value="2"/><property name="Scheme" value="0"/><property name="Boost" value="2"/><property name="HP" value="2"/><property name="Attribute" value="Mutate. Rat."/><property name="Text">Vermin enters play with 3 rat counters.
&lt;b&gt;Forced Interrupt&lt;/b&gt;: When Vermin would take any amount of damage, remove 1 rat counter from him instead.</property><property name="Unique" value="True"/></card><card name="Lizard" id="a1825670-a77e-4e37-89e8-9e629b001137" size="EncounterCard"><property name="CardNumber" value="500237"/><property name="Position" value="137"/><property name="Quantity" value="1"/><property name="Faction" value="campaign"/><property name="Type" value="minion"/><property name="Owner" value="hunt_campaign_by_nugget"/><property name="Attack" value="3"/><property name="Scheme" value="0"/><property name="Boost" value="3"/><property name="HP" value="6"/><property name="Attribute" value="Brute. Reptile."/><property name="Unique" value="True"/></card><card name="Vermin" id="a1825670-a77e-4e37-89e8-9e629b001138"><property name="CardNumber" value="500238"/><property name="Position" value="138"/><property name="Quantity" value="1"/><property name="Faction" value="campaign"/><property name="Type" value="ally"/><property name="Owner" value="hunt_campaign_by_nugget"/><property name="Thwart" value="0"/><property name="ThwartCost" value="1"/><property name="Attack" value="2"/><property name="AttackCost" value="2"/><property name="Cost" value="2"/><property name="Resource_Physical" value="1"/><property name="HP" value="2"/><property name="Attribute" value="Mutate. Predator."/><property name="Text">Vermin enters play with 3 rat counters.
[star] &lt;b&gt;Interrupt&lt;/b&gt;: When Vermin attack, remove 1 rat counter from him → Vermin does not take consequential damage from this attack.</property><property name="Unique" value="True"/></card><card name="Scorpion" id="a1825670-a77e-4e37-89e8-9e629b001139"><property name="CardNumber" value="500239"/><property name="Position" value="139"/><property name="Quantity" value="1"/><property name="Faction" value="campaign"/><property name="Type" value="ally"/><property name="Owner" value="hunt_campaign_by_nugget"/><property name="Thwart" value="1"/><property name="ThwartCost" value="1"/><property name="Attack" value="2"/><property name="AttackCost" value="1"/><property name="Cost" value="3"/><property name="Resource_Energy" value="1"/><property name="HP" value="3"/><property name="Attribute" value="Predator. Criminal."/><property name="Unique" value="True"/></card><card name="Lizard" id="a1825670-a77e-4e37-89e8-9e629b001140"><property name="CardNumber" value="500240"/><property name="Position" value="140"/><property name="Quantity" value="1"/><property name="Faction" value="campaign"/><property name="Type" value="ally"/><property name="Owner" value="hunt_campaign_by_nugget"/><property name="Thwart" value="0"/><property name="ThwartCost" value="1"/><property name="Attack" value="0"/><property name="AttackCost" value="1"/><property name="Cost" value="3"/><property name="Resource_Mental" value="1"/><property name="HP" value="3"/><property name="Attribute" value="Genius. Predator."/><property name="Unique" value="True"/></card><card name="Vulture" id="a1825670-a77e-4e37-89e8-9e629b001141"><property name="CardNumber" value="500241"/><property name="Position" value="141"/><property name="Quantity" value="1"/><property name="Faction" value="campaign"/><property name="Type" value="ally"/><property name="Owner" value="hunt_campaign_by_nugget"/><property name="Thwart" value="2"/><property name="ThwartCost" value="1"/><property name="Attack" value="2"/><property name="AttackCost" value="1"/><property name="Cost" value="3"/><property name="Resource_Wild" value="1"/><property name="HP" value="3"/><property name="Attribute" value="Aerial. Predator. Criminal."/><property name="Unique" value="True"/></card><card name="Son of Kraven" id="a1825670-a77e-4e37-89e8-9e629b001142" size="EncounterCard"><property name="CardNumber" value="500242"/><property name="Position" value="142"/><property name="Quantity" value="4"/><property name="Faction" value="campaign"/><property name="Type" value="minion"/><property name="Owner" value="hunt_campaign_expert_by_nugget"/><property name="Attack" value="2"/><property name="Scheme" value="1"/><property name="HP" value="2"/><property name="Attribute" value="Hunter. Mercenary."/></card><card name="Capture" id="a1825670-a77e-4e37-89e8-9e629b001143" size="EncounterCard"><property name="CardNumber" value="500243"/><property name="Position" value="143"/><property name="Quantity" value="4"/><property name="Faction" value="campaign"/><property name="Type" value="obligation"/><property name="Owner" value="hunt_campaign_expert_by_nugget"/></card><card name="Hunted!" id="a1825670-a77e-4e37-89e8-9e629b001144" size="EncounterCard"><property name="CardNumber" value="500244"/><property name="Position" value="144"/><property name="Quantity" value="4"/><property name="Faction" value="campaign"/><property name="Type" value="obligation"/><property name="Owner" value="hunt_campaign_expert_by_nugget"/></card><card name="Poisoned!" id="a1825670-a77e-4e37-89e8-9e629b001145" size="EncounterCard"><property name="CardNumber" value="500245"/><property name="Position" value="145"/><property name="Quantity" value="4"/><property name="Faction" value="campaign"/><property name="Type" value="treachery"/><property name="Owner" value="hunt_campaign_expert_by_nugget"/></card><card name="Vermin" id="a1825670-a77e-4e37-89e8-9e629b001001" size="VillainCard"><property name="CardNumber" value="500101"/><property name="Position" value="1"/><property name="Quantity" value="1"/><property name="Faction" value="encounter"/><property name="DefaultSetupPile" value="Villain"/><property name="Type" value="villain"/><property name="Owner" value="vermin_by_nugget"/><property name="Stage" value="1"/><property name="Standard" value="True"/><property name="Expert" value="False"/><property name="Attack" value="1"/><property name="Scheme" value="0"/><property name="HP" value="12"/><property name="HP_Per_Hero" value="True"/><property name="Attribute" value="Mutate. Rat."/><property name="Unique" value="True"/></card><card name="Vermin" id="a1825670-a77e-4e37-89e8-9e629b001002" size="VillainCard"><property name="CardNumber" value="500102"/><property name="Position" value="2"/><property name="Quantity" value="1"/><property name="Faction" value="encounter"/><property name="DefaultSetupPile" value="Villain"/><property name="Type" value="villain"/><property name="Owner" value="vermin_by_nugget"/><property name="Stage" value="2"/><property name="Standard" value="True"/><property name="Expert" value="True"/><property name="Attack" value="1"/><property name="Scheme" value="1"/><property name="HP" value="14"/><property name="HP_Per_Hero" value="True"/><property name="Attribute" value="Mutate. Rat."/><property name="Unique" value="True"/></card><card name="Vermin" id="a1825670-a77e-4e37-89e8-9e629b001003" size="VillainCard"><property name="CardNumber" value="500103"/><property name="Position" value="3"/><property name="Quantity" value="1"/><property name="Faction" value="encounter"/><property name="DefaultSetupPile" value="Villain"/><property name="Type" value="villain"/><property name="Owner" value="vermin_by_nugget"/><property name="Stage" value="3"/><property name="Standard" value="False"/><property name="Expert" value="True"/><property name="Attack" value="2"/><property name="Scheme" value="1"/><property name="HP" value="20"/><property name="HP_Per_Hero" value="True"/><property name="Attribute" value="Mutate. Rat."/><property name="Unique" value="True"/></card><card name="Rats and More Rats" id="a1825670-a77e-4e37-89e8-9e629b001004" size="SchemeCard"><property name="CardNumber" value="500104a"/><property name="Position" value="4"/><property name="Quantity" value="1"/><property name="Faction" value="encounter"/><property name="DefaultSetupPile" value="Scheme"/><property name="Type" value="main_scheme"/><property name="Owner" value="vermin_by_nugget"/><property name="Stage" value="1"/><property name="BaseThreatFixed" value="False"/><property name="EscalationThreatFixed" value="False"/><property name="Text">&lt;b&gt;Contents&lt;/b&gt;: Vermin (I) and Vermin (II). &lt;i&gt;Vermin (II) and Vermin (III) in expert mode instead.)&lt;/i&gt; Vermin and Standard Encounter sets. One modular encounter set (recommended: Feral Instincts).
&lt;b&gt;Setup&lt;/b&gt;: Put the Even More Rats Environment into play . Put a Regular Rats minion into play engaged with each player. Shuffle the encounter deck. Advance to stage 1B.</property><alternate name="Rats and More Rats" type="b" size="SchemeCard"><property name="CardNumber" value="500104b"/><property name="Position" value="4"/><property name="Quantity" value="1"/><property name="Faction" value="encounter"/><property name="DefaultSetupPile" value="Scheme"/><property name="Type" value="main_scheme"/><property name="Owner" value="vermin_by_nugget"/><property name="Stage" value="1"/><property name="BaseThreat" value="1"/><property name="BaseThreatFixed" value="False"/><property name="Threat" value="6"/><property name="EscalationThreat" value="1"/><property name="EscalationThreatFixed" value="False"/></alternate></card><card name="Rats, Rats and More Rats" id="a1825670-a77e-4e37-89e8-9e629b001005" size="SchemeCard"><property name="CardNumber" value="500105a"/><property name="Position" value="5"/><property name="Quantity" value="1"/><property name="Faction" value="encounter"/><property name="DefaultSetupPile" value="Scheme"/><property name="Type" value="main_scheme"/><property name="Owner" value="vermin_by_nugget"/><property name="Stage" value="2"/><property name="BaseThreatFixed" value="False"/><property name="EscalationThreatFixed" value="False"/><alternate name="Rats, Rats and More Rats" type="b" size="SchemeCard"><property name="CardNumber" value="500105b"/><property name="Position" value="5"/><property name="Quantity" value="1"/><property name="Faction" value="encounter"/><property name="DefaultSetupPile" value="Scheme"/><property name="Type" value="main_scheme"/><property name="Owner" value="vermin_by_nugget"/><property name="Stage" value="2"/><property name="BaseThreat" value="1"/><property name="BaseThreatFixed" value="False"/><property name="Threat" value="8"/><property name="EscalationThreat" value="1"/><property name="EscalationThreatFixed" value="False"/></alternate></card><card name="Even More Rats" id="a1825670-a77e-4e37-89e8-9e629b001006" size="EncounterCard"><property name="CardNumber" value="500106"/><property name="Position" value="6"/><property name="Quantity" value="1"/><property name="Faction" value="encounter"/><property name="Type" value="environment"/><property name="Owner" value="vermin_by_nugget"/></card><card name="Regular Rats" id="a1825670-a77e-4e37-89e8-9e629b001007" size="EncounterCard"><property name="CardNumber" value="500107"/><property name="Position" value="7"/><property name="Quantity" value="4"/><property name="Faction" value="encounter"/><property name="Type" value="minion"/><property name="Owner" value="vermin_by_nugget"/><property name="Attack" value="1"/><property name="Scheme" value="0"/><property name="HP" value="-1"/><property name="Attribute" value="Rat."/></card><card name="Feral Rats" id="a1825670-a77e-4e37-89e8-9e629b001008" size="EncounterCard"><property name="CardNumber" value="500108"/><property name="Position" value="8"/><property name="Quantity" value="4"/><property name="Faction" value="encounter"/><property name="Type" value="minion"/><property name="Owner" value="vermin_by_nugget"/><property name="Attack" value="1"/><property name="Scheme" value="0"/><property name="HP" value="-1"/><property name="Attribute" value="Rat."/></card><card name="Vermin Clone" id="a1825670-a77e-4e37-89e8-9e629b001009" size="EncounterCard"><property name="CardNumber" value="500109"/><property name="Position" value="9"/><property name="Quantity" value="3"/><property name="Faction" value="encounter"/><property name="Type" value="minion"/><property name="Owner" value="vermin_by_nugget"/><property name="Attack" value="2"/><property name="Scheme" value="1"/><property name="Boost" value="1"/><property name="HP" value="4"/><property name="Attribute" value="Mutate. Rat."/></card><card name="Swarmed by Rats" id="a1825670-a77e-4e37-89e8-9e629b001010" size="EncounterCard"><property name="CardNumber" value="500110"/><property name="Position" value="10"/><property name="Quantity" value="2"/><property name="Faction" value="encounter"/><property name="Type" value="attachment"/><property name="Owner" value="vermin_by_nugget"/><property name="Boost" value="1"/><property name="Attribute" value="Condition."/></card><card name="Vermin Cloning" id="a1825670-a77e-4e37-89e8-9e629b001011" size="SchemeCard"><property name="CardNumber" value="500111"/><property name="Position" value="11"/><property name="Quantity" value="1"/><property name="Faction" value="encounter"/><property name="Type" value="side_scheme"/><property name="Owner" value="vermin_by_nugget"/><property name="Boost" value="2"/><property name="BaseThreat" value="2"/><property name="BaseThreatFixed" value="False"/><property name="EscalationThreatFixed" value="False"/></card><card name="Bringer of Plague" id="a1825670-a77e-4e37-89e8-9e629b001012" size="SchemeCard"><property name="CardNumber" value="500112"/><property name="Position" value="12"/><property name="Quantity" value="1"/><property name="Faction" value="encounter"/><property name="Type" value="side_scheme"/><property name="Owner" value="vermin_by_nugget"/><property name="Boost" value="2"/><property name="BaseThreat" value="3"/><property name="BaseThreatFixed" value="True"/><property name="EscalationThreatFixed" value="False"/></card><card name="A Mischief of Rats" id="a1825670-a77e-4e37-89e8-9e629b001013" size="EncounterCard"><property name="CardNumber" value="500113"/><property name="Position" value="13"/><property name="Quantity" value="2"/><property name="Faction" value="encounter"/><property name="Type" value="treachery"/><property name="Owner" value="vermin_by_nugget"/><property name="Boost" value="1"/></card><card name="Rabid Assault" id="a1825670-a77e-4e37-89e8-9e629b001014" size="EncounterCard"><property name="CardNumber" value="500114"/><property name="Position" value="14"/><property name="Quantity" value="2"/><property name="Faction" value="encounter"/><property name="Type" value="treachery"/><property name="Owner" value="vermin_by_nugget"/><property name="Boost" value="1"/></card><card name="A thousand Bites" id="a1825670-a77e-4e37-89e8-9e629b001015" size="EncounterCard"><property name="CardNumber" value="500115"/><property name="Position" value="15"/><property name="Quantity" value="4"/><property name="Faction" value="encounter"/><property name="Type" value="treachery"/><property name="Owner" value="vermin_by_nugget"/><property name="Boost" value="1"/></card><card name="Feral Instincts" id="a1825670-a77e-4e37-89e8-9e629b001016" size="EncounterCard"><property name="CardNumber" value="500116"/><property name="Position" value="16"/><property name="Quantity" value="1"/><property name="Faction" value="encounter"/><property name="Type" value="attachment"/><property name="Owner" value="feral_instincts_by_nugget"/><property name="Boost" value="1"/></card><card name="Primal Strength" id="a1825670-a77e-4e37-89e8-9e629b001017" size="EncounterCard"><property name="CardNumber" value="500117"/><property name="Position" value="17"/><property name="Quantity" value="1"/><property name="Faction" value="encounter"/><property name="Type" value="attachment"/><property name="Owner" value="feral_instincts_by_nugget"/><property name="Boost" value="2"/></card><card name="Unleashed Beast" id="a1825670-a77e-4e37-89e8-9e629b001018" size="EncounterCard"><property name="CardNumber" value="500118"/><property name="Position" value="18"/><property name="Quantity" value="1"/><property name="Faction" value="encounter"/><property name="Type" value="treachery"/><property name="Owner" value="feral_instincts_by_nugget"/><property name="Boost" value="1"/></card><card name="Cornered Animal" id="a1825670-a77e-4e37-89e8-9e629b001019" size="EncounterCard"><property name="CardNumber" value="500119"/><property name="Position" value="19"/><property name="Quantity" value="2"/><property name="Faction" value="encounter"/><property name="Type" value="treachery"/><property name="Owner" value="feral_instincts_by_nugget"/><property name="Boost" value="1"/></card><card name="Scorpion" id="a1825670-a77e-4e37-89e8-9e629b001020" size="VillainCard"><property name="CardNumber" value="500120"/><property name="Position" value="20"/><property name="Quantity" value="1"/><property name="Faction" value="encounter"/><property name="DefaultSetupPile" value="Villain"/><property name="Type" value="villain"/><property name="Owner" value="scorpion_by_nugget"/><property name="Stage" value="1"/><property name="Standard" value="True"/><property name="Expert" value="False"/><property name="Attack" value="2"/><property name="Scheme" value="1"/><property name="HP" value="15"/><property name="HP_Per_Hero" value="True"/><property name="Attribute" value="Criminal."/><property name="Unique" value="True"/></card><card name="Scorpion" id="a1825670-a77e-4e37-89e8-9e629b001021" size="VillainCard"><property name="CardNumber" value="500121"/><property name="Position" value="21"/><property name="Quantity" value="1"/><property name="Faction" value="encounter"/><property name="DefaultSetupPile" value="Villain"/><property name="Type" value="villain"/><property name="Owner" value="scorpion_by_nugget"/><property name="Stage" value="2"/><property name="Standard" value="True"/><property name="Expert" value="True"/><property name="Attack" value="2"/><property name="Scheme" value="2"/><property name="HP" value="16"/><property name="HP_Per_Hero" value="True"/><property name="Attribute" value="Criminal."/><property name="Unique" value="True"/></card><card name="Scorpion" id="a1825670-a77e-4e37-89e8-9e629b001022" size="VillainCard"><property name="CardNumber" value="500122"/><property name="Position" value="22"/><property name="Quantity" value="1"/><property name="Faction" value="encounter"/><property name="DefaultSetupPile" value="Villain"/><property name="Type" value="villain"/><property name="Owner" value="scorpion_by_nugget"/><property name="Stage" value="3"/><property name="Standard" value="False"/><property name="Expert" value="True"/><property name="Attack" value="3"/><property name="Scheme" value="2"/><property name="HP" value="18"/><property name="HP_Per_Hero" value="True"/><property name="Attribute" value="Criminal."/><property name="Unique" value="True"/></card><card name="Thirst for Revenge" id="a1825670-a77e-4e37-89e8-9e629b001023" size="SchemeCard"><property name="CardNumber" value="500123a"/><property name="Position" value="23"/><property name="Quantity" value="1"/><property name="Faction" value="encounter"/><property name="DefaultSetupPile" value="Scheme"/><property name="Type" value="main_scheme"/><property name="Owner" value="scorpion_by_nugget"/><property name="Stage" value="1"/><property name="BaseThreatFixed" value="False"/><property name="EscalationThreatFixed" value="False"/><property name="Text">&lt;b&gt;Contents&lt;/b&gt;: Scorpion (I) and Scorpion (II). &lt;i&gt;Scorpion (II) and Scorpion (III) in expert mode instead.)&lt;/i&gt; Scorpion and Standard Encounter sets. One modular encounter set (recommended: Feral Instincts).
&lt;b&gt;Setup&lt;/b&gt;: Put the J. Jonah Jameson suport into play . Put the Scorpion's Tail into play and attach it to Scorpion. Shuffle the encounter deck. Advance to stage 1B.</property><alternate name="Thirst for Revenge" type="b" size="SchemeCard"><property name="CardNumber" value="500123b"/><property name="Position" value="23"/><property name="Quantity" value="1"/><property name="Faction" value="encounter"/><property name="DefaultSetupPile" value="Scheme"/><property name="Type" value="main_scheme"/><property name="Owner" value="scorpion_by_nugget"/><property name="Stage" value="1"/><property name="BaseThreat" value="1"/><property name="BaseThreatFixed" value="False"/><property name="Threat" value="6"/><property name="EscalationThreat" value="1"/><property name="EscalationThreatFixed" value="False"/><property name="Quote">Scorpion wants revenge on J. Jonah Jameson for turning him into the beast that he is today.</property></alternate></card><card name="Vengeful Poursuit" id="a1825670-a77e-4e37-89e8-9e629b001024" size="SchemeCard"><property name="CardNumber" value="500124a"/><property name="Position" value="24"/><property name="Quantity" value="1"/><property name="Faction" value="encounter"/><property name="DefaultSetupPile" value="Scheme"/><property name="Type" value="main_scheme"/><property name="Owner" value="scorpion_by_nugget"/><property name="Stage" value="2"/><property name="BaseThreatFixed" value="False"/><property name="EscalationThreatFixed" value="False"/><alternate name="Vengeful Poursuit" type="b" size="SchemeCard"><property name="CardNumber" value="500124b"/><property name="Position" value="24"/><property name="Quantity" value="1"/><property name="Faction" value="encounter"/><property name="DefaultSetupPile" value="Scheme"/><property name="Type" value="main_scheme"/><property name="Owner" value="scorpion_by_nugget"/><property name="Stage" value="2"/><property name="BaseThreat" value="0"/><property name="BaseThreatFixed" value="True"/><property name="Threat" value="3"/><property name="EscalationThreat" value="1"/><property name="EscalationThreatFixed" value="False"/></alternate></card><card name="J. Jonah Jameson" id="a1825670-a77e-4e37-89e8-9e629b001025"><property name="CardNumber" value="500125"/><property name="Position" value="25"/><property name="Quantity" value="1"/><property name="Faction" value="encounter"/><property name="Type" value="support"/><property name="Owner" value="scorpion_by_nugget"/><property name="Attribute" value="Persona"/><property name="Unique" value="True"/></card><card name="Scorpion's Tail" id="a1825670-a77e-4e37-89e8-9e629b001026" size="EncounterCard"><property name="CardNumber" value="500126"/><property name="Position" value="26"/><property name="Quantity" value="1"/><property name="Faction" value="encounter"/><property name="Type" value="attachment"/><property name="Owner" value="scorpion_by_nugget"/><property name="Attribute" value="Tech. Weapon."/></card><card name="Tail Armor" id="a1825670-a77e-4e37-89e8-9e629b001027" size="EncounterCard"><property name="CardNumber" value="500127"/><property name="Position" value="27"/><property name="Quantity" value="1"/><property name="Faction" value="encounter"/><property name="Type" value="attachment"/><property name="Owner" value="scorpion_by_nugget"/><property name="Attribute" value="Armor. Tail. Tech."/></card><card name="Honed Stinger" id="a1825670-a77e-4e37-89e8-9e629b001028" size="EncounterCard"><property name="CardNumber" value="500128"/><property name="Position" value="28"/><property name="Quantity" value="1"/><property name="Faction" value="encounter"/><property name="Type" value="attachment"/><property name="Owner" value="scorpion_by_nugget"/><property name="Boost" value="2"/><property name="Attribute" value="Tail. Tech."/></card><card name="Tail Laser" id="a1825670-a77e-4e37-89e8-9e629b001029" size="EncounterCard"><property name="CardNumber" value="500129"/><property name="Position" value="29"/><property name="Quantity" value="1"/><property name="Faction" value="encounter"/><property name="Type" value="attachment"/><property name="Owner" value="scorpion_by_nugget"/><property name="Boost" value="1"/><property name="Attribute" value="Tail. Tech."/></card><card name="Coiled Up" id="a1825670-a77e-4e37-89e8-9e629b001030" size="EncounterCard"><property name="CardNumber" value="500130"/><property name="Position" value="30"/><property name="Quantity" value="2"/><property name="Faction" value="encounter"/><property name="Type" value="attachment"/><property name="Owner" value="scorpion_by_nugget"/><property name="Boost" value="1"/><property name="Attribute" value="Condition."/></card><card name="Human Fly" id="a1825670-a77e-4e37-89e8-9e629b001031" size="EncounterCard"><property name="CardNumber" value="500131"/><property name="Position" value="31"/><property name="Quantity" value="2"/><property name="Faction" value="encounter"/><property name="Type" value="minion"/><property name="Owner" value="scorpion_by_nugget"/><property name="Attack" value="2"/><property name="Scheme" value="0"/><property name="Attribute" value="Aerial. Mutate."/></card><card name="Grizzly" id="a1825670-a77e-4e37-89e8-9e629b001032" size="EncounterCard"><property name="CardNumber" value="500132"/><property name="Position" value="32"/><property name="Quantity" value="1"/><property name="Faction" value="encounter"/><property name="Type" value="minion"/><property name="Owner" value="scorpion_by_nugget"/><property name="Attribute" value="Criminal. Mutate."/><property name="Unique" value="True"/></card><card name="Hippo" id="a1825670-a77e-4e37-89e8-9e629b001033" size="EncounterCard"><property name="CardNumber" value="500133"/><property name="Position" value="33"/><property name="Quantity" value="1"/><property name="Faction" value="encounter"/><property name="Type" value="minion"/><property name="Owner" value="scorpion_by_nugget"/><property name="Boost" value="1"/><property name="Attribute" value="Criminal. Mutate."/><property name="Unique" value="True"/></card><card name="Luring Out Prey" id="a1825670-a77e-4e37-89e8-9e629b001034" size="SchemeCard"><property name="CardNumber" value="500134"/><property name="Position" value="34"/><property name="Quantity" value="1"/><property name="Faction" value="encounter"/><property name="Type" value="side_scheme"/><property name="Owner" value="scorpion_by_nugget"/><property name="Boost" value="1"/><property name="BaseThreat" value="2"/><property name="BaseThreatFixed" value="True"/><property name="EscalationThreatFixed" value="False"/></card><card name="A Mess of Thing" id="a1825670-a77e-4e37-89e8-9e629b001035" size="SchemeCard"><property name="CardNumber" value="500135"/><property name="Position" value="35"/><property name="Quantity" value="1"/><property name="Faction" value="encounter"/><property name="Type" value="side_scheme"/><property name="Owner" value="scorpion_by_nugget"/><property name="Boost" value="3"/><property name="BaseThreat" value="2"/><property name="BaseThreatFixed" value="True"/><property name="EscalationThreatFixed" value="False"/></card><card name="Tail Enhancements" id="a1825670-a77e-4e37-89e8-9e629b001036" size="EncounterCard"><property name="CardNumber" value="500136"/><property name="Position" value="36"/><property name="Quantity" value="2"/><property name="Faction" value="encounter"/><property name="Type" value="treachery"/><property name="Owner" value="scorpion_by_nugget"/></card><card name="Stinger Stab" id="a1825670-a77e-4e37-89e8-9e629b001037" size="EncounterCard"><property name="CardNumber" value="500137"/><property name="Position" value="37"/><property name="Quantity" value="2"/><property name="Faction" value="encounter"/><property name="Type" value="treachery"/><property name="Owner" value="scorpion_by_nugget"/><property name="Boost" value="1"/></card><card name="Restraining Pincers" id="a1825670-a77e-4e37-89e8-9e629b001038" size="EncounterCard"><property name="CardNumber" value="500138"/><property name="Position" value="38"/><property name="Quantity" value="2"/><property name="Faction" value="encounter"/><property name="Type" value="treachery"/><property name="Owner" value="scorpion_by_nugget"/></card><card name="The Lizard" id="a1825670-a77e-4e37-89e8-9e629b001039" size="VillainCard"><property name="CardNumber" value="500139a"/><property name="Position" value="39"/><property name="Quantity" value="1"/><property name="Faction" value="encounter"/><property name="DefaultSetupPile" value="Villain"/><property name="Type" value="villain"/><property name="Owner" value="lizard_by_nugget"/><property name="Stage" value="1"/><property name="Standard" value="True"/><property name="Expert" value="False"/><property name="Attack" value="2"/><property name="Scheme" value="0"/><property name="HP" value="14"/><property name="HP_Per_Hero" value="True"/><property name="Attribute" value="Brute. Reptile."/><property name="Unique" value="True"/><alternate name="Curtis Connor" type="b" size="VillainCard"><property name="CardNumber" value="500139b"/><property name="Position" value="39"/><property name="Quantity" value="1"/><property name="Faction" value="encounter"/><property name="DefaultSetupPile" value="Villain"/><property name="Type" value="villain"/><property name="Owner" value="lizard_by_nugget"/><property name="Stage" value="1"/><property name="Standard" value="True"/><property name="Expert" value="False"/><property name="Attack" value="0"/><property name="Scheme" value="2"/><property name="HP" value="14"/><property name="HP_Per_Hero" value="True"/><property name="Attribute" value="Genius. Scientist."/><property name="Unique" value="True"/></alternate></card><card name="The Lizard" id="a1825670-a77e-4e37-89e8-9e629b001040" size="VillainCard"><property name="CardNumber" value="500140a"/><property name="Position" value="40"/><property name="Quantity" value="1"/><property name="Faction" value="encounter"/><property name="DefaultSetupPile" value="Villain"/><property name="Type" value="villain"/><property name="Owner" value="lizard_by_nugget"/><property name="Stage" value="2"/><property name="Standard" value="True"/><property name="Expert" value="True"/><property name="Attack" value="2"/><property name="Scheme" value="1"/><property name="HP" value="16"/><property name="HP_Per_Hero" value="True"/><property name="Attribute" value="Brute. Reptile."/><property name="Unique" value="True"/><alternate name="Curtis Connor" type="b" size="VillainCard"><property name="CardNumber" value="500140b"/><property name="Position" value="40"/><property name="Quantity" value="1"/><property name="Faction" value="encounter"/><property name="DefaultSetupPile" value="Villain"/><property name="Type" value="villain"/><property name="Owner" value="lizard_by_nugget"/><property name="Stage" value="2"/><property name="Standard" value="True"/><property name="Expert" value="True"/><property name="Attack" value="0"/><property name="Scheme" value="3"/><property name="HP" value="16"/><property name="HP_Per_Hero" value="True"/><property name="Attribute" value="Genius. Scientist."/><property name="Unique" value="True"/></alternate></card><card name="The Lizard" id="a1825670-a77e-4e37-89e8-9e629b001041" size="VillainCard"><property name="CardNumber" value="500141a"/><property name="Position" value="41"/><property name="Quantity" value="1"/><property name="Faction" value="encounter"/><property name="DefaultSetupPile" value="Villain"/><property name="Type" value="villain"/><property name="Owner" value="lizard_by_nugget"/><property name="Stage" value="3"/><property name="Standard" value="False"/><property name="Expert" value="True"/><property name="Attack" value="0"/><property name="Scheme" value="3"/><property name="HP" value="20"/><property name="HP_Per_Hero" value="True"/><property name="Attribute" value="Brute. Reptile."/><property name="Unique" value="True"/><alternate name="Curtis Connor" type="b" size="VillainCard"><property name="CardNumber" value="500141b"/><property name="Position" value="41"/><property name="Quantity" value="1"/><property name="Faction" value="encounter"/><property name="DefaultSetupPile" value="Villain"/><property name="Type" value="villain"/><property name="Owner" value="lizard_by_nugget"/><property name="Stage" value="3"/><property name="Standard" value="False"/><property name="Expert" value="True"/><property name="Attack" value="0"/><property name="Scheme" value="3"/><property name="HP" value="20"/><property name="HP_Per_Hero" value="True"/><property name="Attribute" value="Genius. Scientist."/><property name="Unique" value="True"/></alternate></card><card name="Using the Mammal Brain" id="a1825670-a77e-4e37-89e8-9e629b001042" size="SchemeCard"><property name="CardNumber" value="500142a"/><property name="Position" value="42"/><property name="Quantity" value="1"/><property name="Faction" value="encounter"/><property name="DefaultSetupPile" value="Scheme"/><property name="Type" value="main_scheme"/><property name="Owner" value="lizard_by_nugget"/><property name="Stage" value="1"/><property name="BaseThreatFixed" value="False"/><property name="EscalationThreatFixed" value="False"/><alternate name="Using the Mammal Brain" type="b" size="SchemeCard"><property name="CardNumber" value="500142b"/><property name="Position" value="42"/><property name="Quantity" value="1"/><property name="Faction" value="encounter"/><property name="DefaultSetupPile" value="Scheme"/><property name="Type" value="main_scheme"/><property name="Owner" value="lizard_by_nugget"/><property name="Stage" value="1"/><property name="BaseThreat" value="0"/><property name="BaseThreatFixed" value="True"/><property name="Threat" value="4"/><property name="EscalationThreat" value="1"/><property name="EscalationThreatFixed" value="False"/></alternate></card><card name="Reptile Brain Taking Over" id="a1825670-a77e-4e37-89e8-9e629b001043" size="SchemeCard"><property name="CardNumber" value="500143a"/><property name="Position" value="43"/><property name="Quantity" value="1"/><property name="Faction" value="encounter"/><property name="DefaultSetupPile" value="Scheme"/><property name="Type" value="main_scheme"/><property name="Owner" value="lizard_by_nugget"/><property name="Stage" value="2"/><property name="BaseThreatFixed" value="False"/><property name="EscalationThreatFixed" value="False"/><alternate name="Reptile Brain Taking Over" type="b" size="SchemeCard"><property name="CardNumber" value="500143b"/><property name="Position" value="43"/><property name="Quantity" value="1"/><property name="Faction" value="encounter"/><property name="DefaultSetupPile" value="Scheme"/><property name="Type" value="main_scheme"/><property name="Owner" value="lizard_by_nugget"/><property name="Stage" value="2"/><property name="BaseThreat" value="-1"/><property name="BaseThreatFixed" value="True"/><property name="Threat" value="10"/><property name="EscalationThreat" value="-1"/><property name="EscalationThreatFixed" value="True"/></alternate></card><card name="No Humanity Left" id="a1825670-a77e-4e37-89e8-9e629b001044" size="SchemeCard"><property name="CardNumber" value="500144a"/><property name="Position" value="44"/><property name="Quantity" value="1"/><property name="Faction" value="encounter"/><property name="DefaultSetupPile" value="Scheme"/><property name="Type" value="main_scheme"/><property name="Owner" value="lizard_by_nugget"/><property name="Stage" value="3"/><property name="BaseThreatFixed" value="False"/><property name="EscalationThreatFixed" value="False"/><alternate name="No Humanity Left" type="b" size="SchemeCard"><property name="CardNumber" value="500144b"/><property name="Position" value="44"/><property name="Quantity" value="1"/><property name="Faction" value="encounter"/><property name="DefaultSetupPile" value="Scheme"/><property name="Type" value="main_scheme"/><property name="Owner" value="lizard_by_nugget"/><property name="Stage" value="3"/><property name="BaseThreat" value="0"/><property name="BaseThreatFixed" value="True"/><property name="Threat" value="6"/><property name="EscalationThreat" value="1"/><property name="EscalationThreatFixed" value="False"/></alternate></card><card name="Reptilian Rage" id="a1825670-a77e-4e37-89e8-9e629b001045" size="EncounterCard"><property name="CardNumber" value="500145"/><property name="Position" value="45"/><property name="Quantity" value="1"/><property name="Faction" value="encounter"/><property name="Type" value="environment"/><property name="Owner" value="lizard_by_nugget"/></card><card name="Enhanced Lizard Senses" id="a1825670-a77e-4e37-89e8-9e629b001046" size="EncounterCard"><property name="CardNumber" value="500146"/><property name="Position" value="46"/><property name="Quantity" value="2"/><property name="Faction" value="encounter"/><property name="Type" value="attachment"/><property name="Owner" value="lizard_by_nugget"/><property name="Boost" value="1"/></card><card name="Komodo Claws" id="a1825670-a77e-4e37-89e8-9e629b001047" size="EncounterCard"><property name="CardNumber" value="500147"/><property name="Position" value="47"/><property name="Quantity" value="2"/><property name="Faction" value="encounter"/><property name="Type" value="attachment"/><property name="Owner" value="lizard_by_nugget"/><property name="Boost" value="1"/></card><card name="Lizard Tail" id="a1825670-a77e-4e37-89e8-9e629b001048" size="EncounterCard"><property name="CardNumber" value="500148"/><property name="Position" value="48"/><property name="Quantity" value="1"/><property name="Faction" value="encounter"/><property name="Type" value="attachment"/><property name="Owner" value="lizard_by_nugget"/><property name="Boost" value="2"/></card><card name="Alligator Jaws" id="a1825670-a77e-4e37-89e8-9e629b001049" size="EncounterCard"><property name="CardNumber" value="500149"/><property name="Position" value="49"/><property name="Quantity" value="1"/><property name="Faction" value="encounter"/><property name="Type" value="attachment"/><property name="Owner" value="lizard_by_nugget"/><property name="Boost" value="2"/></card><card name="Ancient Reptilan Brain" id="a1825670-a77e-4e37-89e8-9e629b001050" size="EncounterCard"><property name="CardNumber" value="500150"/><property name="Position" value="50"/><property name="Quantity" value="1"/><property name="Faction" value="encounter"/><property name="Type" value="attachment"/><property name="Owner" value="lizard_by_nugget"/><property name="Boost" value="2"/></card><card name="Boa Constricted" id="a1825670-a77e-4e37-89e8-9e629b001051" size="EncounterCard"><property name="CardNumber" value="500151"/><property name="Position" value="51"/><property name="Quantity" value="2"/><property name="Faction" value="encounter"/><property name="Type" value="attachment"/><property name="Owner" value="lizard_by_nugget"/></card><card name="Iguana Whip" id="a1825670-a77e-4e37-89e8-9e629b001052" size="EncounterCard"><property name="CardNumber" value="500152"/><property name="Position" value="52"/><property name="Quantity" value="2"/><property name="Faction" value="encounter"/><property name="Type" value="treachery"/><property name="Owner" value="lizard_by_nugget"/><property name="Boost" value="1"/></card><card name="Triggered Transformation" id="a1825670-a77e-4e37-89e8-9e629b001053" size="EncounterCard"><property name="CardNumber" value="500153"/><property name="Position" value="53"/><property name="Quantity" value="2"/><property name="Faction" value="encounter"/><property name="Type" value="treachery"/><property name="Owner" value="lizard_by_nugget"/></card><card name="Shed Skin" id="a1825670-a77e-4e37-89e8-9e629b001054" size="EncounterCard"><property name="CardNumber" value="500154"/><property name="Position" value="54"/><property name="Quantity" value="2"/><property name="Faction" value="encounter"/><property name="Type" value="treachery"/><property name="Owner" value="lizard_by_nugget"/><property name="Boost" value="1"/></card><card name="Iguana" id="a1825670-a77e-4e37-89e8-9e629b001055" size="EncounterCard"><property name="CardNumber" value="500155"/><property name="Position" value="55"/><property name="Quantity" value="1"/><property name="Faction" value="encounter"/><property name="Type" value="minion"/><property name="Owner" value="lizard_by_nugget"/><property name="Attack" value="0"/><property name="Scheme" value="0"/><property name="Boost" value="2"/><property name="HP" value="7"/><property name="Unique" value="True"/></card><card name="The Chameleon" id="a1825670-a77e-4e37-89e8-9e629b001056" size="EncounterCard"><property name="CardNumber" value="500156"/><property name="Position" value="56"/><property name="Quantity" value="1"/><property name="Faction" value="encounter"/><property name="Type" value="minion"/><property name="Owner" value="lizard_by_nugget"/><property name="Attack" value="-1"/><property name="Scheme" value="-1"/><property name="Boost" value="1"/><property name="HP" value="4"/><property name="Unique" value="True"/></card><card name="Reptile Research" id="a1825670-a77e-4e37-89e8-9e629b001057" size="SchemeCard"><property name="CardNumber" value="500157"/><property name="Position" value="57"/><property name="Quantity" value="2"/><property name="Faction" value="encounter"/><property name="Type" value="side_scheme"/><property name="Owner" value="lizard_by_nugget"/><property name="Boost" value="2"/><property name="BaseThreat" value="2"/><property name="BaseThreatFixed" value="True"/><property name="EscalationThreatFixed" value="False"/></card><card name="Wake Your Inner Lizard" id="a1825670-a77e-4e37-89e8-9e629b001058" size="SchemeCard"><property name="CardNumber" value="500158"/><property name="Position" value="58"/><property name="Quantity" value="1"/><property name="Faction" value="encounter"/><property name="Type" value="side_scheme"/><property name="Owner" value="lizard_thralls_by_nugget"/><property name="Boost" value="3"/><property name="BaseThreat" value="3"/><property name="BaseThreatFixed" value="True"/><property name="EscalationThreatFixed" value="False"/></card><card name="Lizard Thrall" id="a1825670-a77e-4e37-89e8-9e629b001059" size="EncounterCard"><property name="CardNumber" value="500159"/><property name="Position" value="59"/><property name="Quantity" value="1"/><property name="Faction" value="encounter"/><property name="Type" value="minion"/><property name="Owner" value="lizard_thralls_by_nugget"/><property name="Attack" value="2"/><property name="Scheme" value="1"/><property name="Boost" value="1"/><property name="HP" value="4"/><property name="Attribute" value="Civilian. Reptile."/></card><card name="Lizard Thrall" id="a1825670-a77e-4e37-89e8-9e629b001060" size="EncounterCard"><property name="CardNumber" value="500160"/><property name="Position" value="60"/><property name="Quantity" value="1"/><property name="Faction" value="encounter"/><property name="Type" value="minion"/><property name="Owner" value="lizard_thralls_by_nugget"/><property name="Attack" value="2"/><property name="Scheme" value="1"/><property name="Boost" value="1"/><property name="HP" value="4"/><property name="Attribute" value="Civilian. Reptile."/></card><card name="Lizard Thrall" id="a1825670-a77e-4e37-89e8-9e629b001061" size="EncounterCard"><property name="CardNumber" value="500161"/><property name="Position" value="61"/><property name="Quantity" value="1"/><property name="Faction" value="encounter"/><property name="Type" value="minion"/><property name="Owner" value="lizard_thralls_by_nugget"/><property name="Attack" value="2"/><property name="Scheme" value="1"/><property name="Boost" value="1"/><property name="HP" value="4"/><property name="Attribute" value="Civilian. Reptile."/></card><card name="Lizard Thrall" id="a1825670-a77e-4e37-89e8-9e629b001062" size="EncounterCard"><property name="CardNumber" value="500162"/><property name="Position" value="62"/><property name="Quantity" value="1"/><property name="Faction" value="encounter"/><property name="Type" value="minion"/><property name="Owner" value="lizard_thralls_by_nugget"/><property name="Attack" value="2"/><property name="Scheme" value="1"/><property name="Boost" value="1"/><property name="HP" value="4"/><property name="Attribute" value="Civilian. Reptile."/></card><card name="Vulture" id="a1825670-a77e-4e37-89e8-9e629b001063" size="VillainCard"><property name="CardNumber" value="500163"/><property name="Position" value="63"/><property name="Quantity" value="1"/><property name="Faction" value="encounter"/><property name="DefaultSetupPile" value="Villain"/><property name="Type" value="villain"/><property name="Owner" value="vulture_by_nugget"/><property name="Stage" value="1"/><property name="Standard" value="True"/><property name="Expert" value="False"/><property name="Attack" value="2"/><property name="Scheme" value="2"/><property name="HP" value="13"/><property name="HP_Per_Hero" value="True"/><property name="Attribute" value="Aerial. Criminal."/></card><card name="Vulture" id="a1825670-a77e-4e37-89e8-9e629b001064" size="VillainCard"><property name="CardNumber" value="500164"/><property name="Position" value="64"/><property name="Quantity" value="1"/><property name="Faction" value="encounter"/><property name="DefaultSetupPile" value="Villain"/><property name="Type" value="villain"/><property name="Owner" value="vulture_by_nugget"/><property name="Stage" value="2"/><property name="Standard" value="True"/><property name="Expert" value="True"/><property name="Attack" value="2"/><property name="Scheme" value="2"/><property name="HP" value="16"/><property name="HP_Per_Hero" value="True"/><property name="Attribute" value="Aerial. Criminal."/></card><card name="Vulture" id="a1825670-a77e-4e37-89e8-9e629b001065" size="VillainCard"><property name="CardNumber" value="500165"/><property name="Position" value="65"/><property name="Quantity" value="1"/><property name="Faction" value="encounter"/><property name="DefaultSetupPile" value="Villain"/><property name="Type" value="villain"/><property name="Owner" value="vulture_by_nugget"/><property name="Stage" value="3"/><property name="Standard" value="False"/><property name="Expert" value="True"/><property name="Attack" value="2"/><property name="Scheme" value="3"/><property name="HP" value="19"/><property name="HP_Per_Hero" value="True"/><property name="Attribute" value="Aerial. Criminal."/></card><card name="Aerial Mayhem" id="a1825670-a77e-4e37-89e8-9e629b001066" size="SchemeCard"><property name="CardNumber" value="500166a"/><property name="Position" value="66"/><property name="Quantity" value="1"/><property name="Faction" value="encounter"/><property name="DefaultSetupPile" value="Scheme"/><property name="Type" value="main_scheme"/><property name="Owner" value="vulture_by_nugget"/><property name="Stage" value="1"/><property name="BaseThreatFixed" value="False"/><property name="EscalationThreatFixed" value="False"/><alternate name="Aerial Mayhem" type="b" size="SchemeCard"><property name="CardNumber" value="500166b"/><property name="Position" value="66"/><property name="Quantity" value="1"/><property name="Faction" value="encounter"/><property name="DefaultSetupPile" value="Scheme"/><property name="Type" value="main_scheme"/><property name="Owner" value="vulture_by_nugget"/><property name="Stage" value="1"/><property name="BaseThreat" value="3"/><property name="BaseThreatFixed" value="False"/><property name="Threat" value="11"/><property name="EscalationThreat" value="1"/><property name="EscalationThreatFixed" value="False"/></alternate></card><card name="S.H.I.E.L.D. Wingsuits" id="a1825670-a77e-4e37-89e8-9e629b001067" size="EncounterCard"><property name="CardNumber" value="500167"/><property name="Position" value="67"/><property name="Quantity" value="1"/><property name="Faction" value="encounter"/><property name="Type" value="environment"/><property name="Owner" value="vulture_by_nugget"/></card><card name="Armadillo" id="a1825670-a77e-4e37-89e8-9e629b001068" size="EncounterCard"><property name="CardNumber" value="500168"/><property name="Position" value="68"/><property name="Quantity" value="1"/><property name="Faction" value="encounter"/><property name="Type" value="minion"/><property name="Owner" value="vulture_by_nugget"/><property name="Attack" value="3"/><property name="Scheme" value="1"/><property name="Boost" value="1"/><property name="HP" value="7"/><property name="Attribute" value="Criminal. Elite.Mutate."/></card><card name="White Rabbit" id="a1825670-a77e-4e37-89e8-9e629b001069" size="EncounterCard"><property name="CardNumber" value="500169"/><property name="Position" value="69"/><property name="Quantity" value="1"/><property name="Faction" value="encounter"/><property name="Type" value="minion"/><property name="Owner" value="vulture_by_nugget"/><property name="Attack" value="1"/><property name="Scheme" value="1"/><property name="Boost" value="0"/><property name="HP" value="4"/><property name="Attribute" value="Criminal."/></card><card name="Gibbon" id="a1825670-a77e-4e37-89e8-9e629b001070" size="EncounterCard"><property name="CardNumber" value="500170"/><property name="Position" value="70"/><property name="Quantity" value="1"/><property name="Faction" value="encounter"/><property name="Type" value="minion"/><property name="Owner" value="vulture_by_nugget"/><property name="Attack" value="2"/><property name="Scheme" value="1"/><property name="Boost" value="2"/><property name="HP" value="4"/><property name="Attribute" value="Criminal. Mutant."/></card><card name="Wing Harness" id="a1825670-a77e-4e37-89e8-9e629b001071" size="EncounterCard"><property name="CardNumber" value="500171"/><property name="Position" value="71"/><property name="Quantity" value="1"/><property name="Faction" value="encounter"/><property name="Type" value="attachment"/><property name="Owner" value="vulture_by_nugget"/><property name="Boost" value="2"/></card><card name="Metal Talons" id="a1825670-a77e-4e37-89e8-9e629b001072" size="EncounterCard"><property name="CardNumber" value="500172"/><property name="Position" value="72"/><property name="Quantity" value="1"/><property name="Faction" value="encounter"/><property name="Type" value="attachment"/><property name="Owner" value="vulture_by_nugget"/><property name="Boost" value="2"/></card><card name="Projectil Feathers" id="a1825670-a77e-4e37-89e8-9e629b001073" size="EncounterCard"><property name="CardNumber" value="500173"/><property name="Position" value="73"/><property name="Quantity" value="2"/><property name="Faction" value="encounter"/><property name="Type" value="attachment"/><property name="Owner" value="vulture_by_nugget"/><property name="Boost" value="1"/></card><card name="Forcefully Elevated" id="a1825670-a77e-4e37-89e8-9e629b001074" size="EncounterCard"><property name="CardNumber" value="500174"/><property name="Position" value="74"/><property name="Quantity" value="2"/><property name="Faction" value="encounter"/><property name="Type" value="obligation"/><property name="Owner" value="vulture_by_nugget"/><property name="Boost" value="0"/></card><card name="Aerial Kidnapping" id="a1825670-a77e-4e37-89e8-9e629b001075" size="SchemeCard"><property name="CardNumber" value="500175"/><property name="Position" value="75"/><property name="Quantity" value="1"/><property name="Faction" value="encounter"/><property name="Type" value="side_scheme"/><property name="Owner" value="vulture_by_nugget"/><property name="Boost" value="1"/><property name="BaseThreat" value="3"/><property name="BaseThreatFixed" value="True"/><property name="EscalationThreatFixed" value="False"/></card><card name="A Feast for Vultures" id="a1825670-a77e-4e37-89e8-9e629b001076" size="SchemeCard"><property name="CardNumber" value="500176"/><property name="Position" value="76"/><property name="Quantity" value="2"/><property name="Faction" value="encounter"/><property name="Type" value="side_scheme"/><property name="Owner" value="vulture_by_nugget"/><property name="Boost" value="3"/><property name="BaseThreat" value="3"/><property name="BaseThreatFixed" value="True"/><property name="EscalationThreatFixed" value="False"/></card><card name="Knocked Out of the Sky" id="a1825670-a77e-4e37-89e8-9e629b001077" size="EncounterCard"><property name="CardNumber" value="500177"/><property name="Position" value="77"/><property name="Quantity" value="3"/><property name="Faction" value="encounter"/><property name="Type" value="treachery"/><property name="Owner" value="vulture_by_nugget"/><property name="Boost" value="1"/></card><card name="Sweeping Swoop" id="a1825670-a77e-4e37-89e8-9e629b001078" size="EncounterCard"><property name="CardNumber" value="500178"/><property name="Position" value="78"/><property name="Quantity" value="2"/><property name="Faction" value="encounter"/><property name="Type" value="treachery"/><property name="Owner" value="vulture_by_nugget"/><property name="Boost" value="1"/></card><card name="Ravenous Onslaught" id="a1825670-a77e-4e37-89e8-9e629b001079" size="EncounterCard"><property name="CardNumber" value="500179"/><property name="Position" value="79"/><property name="Quantity" value="2"/><property name="Faction" value="encounter"/><property name="Type" value="treachery"/><property name="Owner" value="vulture_by_nugget"/><property name="Boost" value="1"/></card><card name="Vulture" id="a1825670-a77e-4e37-89e8-9e629b001080" size="EncounterCard"><property name="CardNumber" value="500180"/><property name="Position" value="80"/><property name="Quantity" value="1"/><property name="Faction" value="encounter"/><property name="Type" value="minion"/><property name="Owner" value="red_vulture_by_nugget"/><property name="Attack" value="1"/><property name="Scheme" value="1"/><property name="Boost" value="3"/><property name="HP" value="4"/><property name="Attribute" value="Aerial. Mutate."/><property name="Text">Quickstrike. Villainous.</property><property name="Unique" value="True"/></card><card name="The Red Vulture" id="a1825670-a77e-4e37-89e8-9e629b001081" size="SchemeCard"><property name="CardNumber" value="500181"/><property name="Position" value="81"/><property name="Quantity" value="1"/><property name="Faction" value="encounter"/><property name="Type" value="side_scheme"/><property name="Owner" value="red_vulture_by_nugget"/><property name="Boost" value="3"/><property name="BaseThreat" value="3"/><property name="BaseThreatFixed" value="False"/><property name="EscalationThreatFixed" value="False"/></card><card name="Acid Expulsion" id="a1825670-a77e-4e37-89e8-9e629b001082" size="EncounterCard"><property name="CardNumber" value="500182"/><property name="Position" value="82"/><property name="Quantity" value="2"/><property name="Faction" value="encounter"/><property name="Type" value="treachery"/><property name="Owner" value="red_vulture_by_nugget"/><property name="Boost" value="1"/></card><card name="Voracious Ambush" id="a1825670-a77e-4e37-89e8-9e629b001083" size="EncounterCard"><property name="CardNumber" value="500183"/><property name="Position" value="83"/><property name="Quantity" value="2"/><property name="Faction" value="encounter"/><property name="Type" value="treachery"/><property name="Owner" value="red_vulture_by_nugget"/><property name="Boost" value="2"/></card><card name="Kraven the Hunter" id="a1825670-a77e-4e37-89e8-9e629b001084" size="VillainCard"><property name="CardNumber" value="500184"/><property name="Position" value="84"/><property name="Quantity" value="1"/><property name="Faction" value="encounter"/><property name="DefaultSetupPile" value="Villain"/><property name="Type" value="villain"/><property name="Owner" value="kraven_by_nugget"/><property name="Stage" value="1"/><property name="Standard" value="True"/><property name="Expert" value="False"/><property name="Attack" value="2"/><property name="Scheme" value="2"/><property name="HP" value="15"/><property name="HP_Per_Hero" value="True"/><property name="Attribute" value="Mercenary. Hunter."/><property name="Unique" value="True"/></card><card name="Kraven the Hunter" id="a1825670-a77e-4e37-89e8-9e629b001085" size="VillainCard"><property name="CardNumber" value="500185"/><property name="Position" value="85"/><property name="Quantity" value="1"/><property name="Faction" value="encounter"/><property name="DefaultSetupPile" value="Villain"/><property name="Type" value="villain"/><property name="Owner" value="kraven_by_nugget"/><property name="Stage" value="2"/><property name="Standard" value="True"/><property name="Expert" value="True"/><property name="Attack" value="2"/><property name="Scheme" value="2"/><property name="HP" value="17"/><property name="HP_Per_Hero" value="True"/><property name="Attribute" value="Mercenary. Hunter."/><property name="Unique" value="True"/></card><card name="Kraven the Hunter" id="a1825670-a77e-4e37-89e8-9e629b001086" size="VillainCard"><property name="CardNumber" value="500186"/><property name="Position" value="86"/><property name="Quantity" value="1"/><property name="Faction" value="encounter"/><property name="DefaultSetupPile" value="Villain"/><property name="Type" value="villain"/><property name="Owner" value="kraven_by_nugget"/><property name="Stage" value="3"/><property name="Standard" value="False"/><property name="Expert" value="True"/><property name="Attack" value="3"/><property name="Scheme" value="3"/><property name="HP" value="19"/><property name="HP_Per_Hero" value="True"/><property name="Attribute" value="Mercenary. Hunter."/><property name="Unique" value="True"/></card><card name="Acquiring Targets" id="a1825670-a77e-4e37-89e8-9e629b001087" size="SchemeCard"><property name="CardNumber" value="500187a"/><property name="Position" value="87"/><property name="Quantity" value="1"/><property name="Faction" value="encounter"/><property name="DefaultSetupPile" value="Scheme"/><property name="Type" value="main_scheme"/><property name="Owner" value="kraven_by_nugget"/><property name="Stage" value="1"/><property name="BaseThreat" value="0"/><property name="BaseThreatFixed" value="True"/><property name="EscalationThreat" value="1"/><property name="EscalationThreatFixed" value="False"/><alternate name="Acquiring Targets" type="b" size="SchemeCard"><property name="CardNumber" value="500187b"/><property name="Position" value="87"/><property name="Quantity" value="1"/><property name="Faction" value="encounter"/><property name="DefaultSetupPile" value="Scheme"/><property name="Type" value="main_scheme"/><property name="Owner" value="kraven_by_nugget"/><property name="Stage" value="1"/><property name="BaseThreatFixed" value="False"/><property name="EscalationThreatFixed" value="False"/></alternate></card><card name="The Great Hunt" id="a1825670-a77e-4e37-89e8-9e629b001088" size="SchemeCard"><property name="CardNumber" value="500188a"/><property name="Position" value="88"/><property name="Quantity" value="1"/><property name="Faction" value="encounter"/><property name="DefaultSetupPile" value="Scheme"/><property name="Type" value="main_scheme"/><property name="Owner" value="kraven_by_nugget"/><property name="Stage" value="2"/><property name="BaseThreatFixed" value="False"/><property name="EscalationThreatFixed" value="False"/><alternate name="The Great Hunt" type="b" size="SchemeCard"><property name="CardNumber" value="500188b"/><property name="Position" value="88"/><property name="Quantity" value="1"/><property name="Faction" value="encounter"/><property name="DefaultSetupPile" value="Scheme"/><property name="Type" value="main_scheme"/><property name="Owner" value="kraven_by_nugget"/><property name="Stage" value="2"/><property name="BaseThreat" value="0"/><property name="BaseThreatFixed" value="True"/><property name="EscalationThreat" value="1"/><property name="EscalationThreatFixed" value="False"/></alternate></card><card name="Last Son of Kraven" id="a1825670-a77e-4e37-89e8-9e629b001089" size="EncounterCard"><property name="CardNumber" value="500189"/><property name="Position" value="89"/><property name="Quantity" value="1"/><property name="Faction" value="encounter"/><property name="Type" value="minion"/><property name="Owner" value="kraven_by_nugget"/><property name="Attack" value="3"/><property name="Scheme" value="2"/><property name="Boost" value="2"/><property name="HP" value="6"/><property name="Attribute" value="Mercenary. Hunter. Elite."/><property name="Unique" value="True"/></card><card name="Chameleon" id="a1825670-a77e-4e37-89e8-9e629b001090" size="EncounterCard"><property name="CardNumber" value="500190"/><property name="Position" value="90"/><property name="Quantity" value="1"/><property name="Faction" value="encounter"/><property name="Type" value="minion"/><property name="Owner" value="kraven_by_nugget"/><property name="Attack" value="0"/><property name="Scheme" value="1"/><property name="HP" value="1"/><property name="Attribute" value="Criminal."/><property name="Unique" value="True"/></card><card name="Poisoned Dagger" id="a1825670-a77e-4e37-89e8-9e629b001091" size="EncounterCard"><property name="CardNumber" value="500191"/><property name="Position" value="91"/><property name="Quantity" value="1"/><property name="Faction" value="encounter"/><property name="Type" value="attachment"/><property name="Owner" value="kraven_by_nugget"/><property name="Boost" value="2"/></card><card name="Kraven's Spear" id="a1825670-a77e-4e37-89e8-9e629b001092" size="EncounterCard"><property name="CardNumber" value="500192"/><property name="Position" value="92"/><property name="Quantity" value="1"/><property name="Faction" value="encounter"/><property name="Type" value="attachment"/><property name="Owner" value="kraven_by_nugget"/><property name="Boost" value="2"/><property name="Unique" value="True"/></card><card name="Hunting Rifle" id="a1825670-a77e-4e37-89e8-9e629b001093" size="EncounterCard"><property name="CardNumber" value="500193"/><property name="Position" value="93"/><property name="Quantity" value="1"/><property name="Faction" value="encounter"/><property name="Type" value="attachment"/><property name="Owner" value="kraven_by_nugget"/><property name="Boost" value="2"/></card><card name="Tooth Necklace" id="a1825670-a77e-4e37-89e8-9e629b001094" size="EncounterCard"><property name="CardNumber" value="500194"/><property name="Position" value="94"/><property name="Quantity" value="1"/><property name="Faction" value="encounter"/><property name="Type" value="attachment"/><property name="Owner" value="kraven_by_nugget"/><property name="Boost" value="1"/></card><card name="The Calypso Serum" id="a1825670-a77e-4e37-89e8-9e629b001095" size="SchemeCard"><property name="CardNumber" value="500195"/><property name="Position" value="95"/><property name="Quantity" value="1"/><property name="Faction" value="encounter"/><property name="Type" value="side_scheme"/><property name="Owner" value="kraven_by_nugget"/><property name="Boost" value="3"/><property name="BaseThreat" value="3"/><property name="BaseThreatFixed" value="True"/><property name="EscalationThreatFixed" value="False"/></card><card name="Toxic Gas" id="a1825670-a77e-4e37-89e8-9e629b001096" size="SchemeCard"><property name="CardNumber" value="500196"/><property name="Position" value="96"/><property name="Quantity" value="1"/><property name="Faction" value="encounter"/><property name="Type" value="side_scheme"/><property name="Owner" value="kraven_by_nugget"/><property name="Boost" value="2"/><property name="BaseThreat" value="3"/><property name="BaseThreatFixed" value="True"/><property name="EscalationThreatFixed" value="False"/><property name="Text">Hinder 1[per player] (&lt;i&gt;When Revealed: Place an additionnal 1[per Player] threat here&lt;i&gt;).</property></card><card name="Predatory Ambush" id="a1825670-a77e-4e37-89e8-9e629b001097" size="EncounterCard"><property name="CardNumber" value="500197"/><property name="Position" value="97"/><property name="Quantity" value="2"/><property name="Faction" value="encounter"/><property name="Type" value="treachery"/><property name="Owner" value="kraven_by_nugget"/></card><card name="The Hunt Begins" id="a1825670-a77e-4e37-89e8-9e629b001098" size="EncounterCard"><property name="CardNumber" value="500198"/><property name="Position" value="98"/><property name="Quantity" value="2"/><property name="Faction" value="encounter"/><property name="Type" value="treachery"/><property name="Owner" value="kraven_by_nugget"/><property name="Boost" value="1"/></card><card name="Big Game Hunter" id="a1825670-a77e-4e37-89e8-9e629b001099" size="EncounterCard"><property name="CardNumber" value="500199"/><property name="Position" value="99"/><property name="Quantity" value="2"/><property name="Faction" value="encounter"/><property name="Type" value="treachery"/><property name="Owner" value="kraven_by_nugget"/><property name="Boost" value="1"/></card><card name="Stalking Prey" id="a1825670-a77e-4e37-89e8-9e629b001100" size="EncounterCard"><property name="CardNumber" value="500200"/><property name="Position" value="100"/><property name="Quantity" value="2"/><property name="Faction" value="encounter"/><property name="Type" value="treachery"/><property name="Owner" value="kraven_by_nugget"/></card><card name="Ferocious Lion" id="a1825670-a77e-4e37-89e8-9e629b001101" size="EncounterCard"><property name="CardNumber" value="500201"/><property name="Position" value="101"/><property name="Quantity" value="2"/><property name="Faction" value="encounter"/><property name="Type" value="minion"/><property name="Owner" value="kraven_trap_by_nugget"/><property name="Attack" value="2"/><property name="Scheme" value="0"/><property name="HP" value="2"/><property name="Attribute" value="Trap. Animal."/><property name="DefaultDiscardPile" value="Special Discard"/></card><card name="Fierce Cheetah" id="a1825670-a77e-4e37-89e8-9e629b001102" size="EncounterCard"><property name="CardNumber" value="500202"/><property name="Position" value="102"/><property name="Quantity" value="2"/><property name="Faction" value="encounter"/><property name="Type" value="minion"/><property name="Owner" value="kraven_trap_by_nugget"/><property name="Attack" value="2"/><property name="Scheme" value="0"/><property name="HP" value="2"/><property name="Attribute" value="Trap. Animal."/><property name="DefaultDiscardPile" value="Special Discard"/></card><card name="Bear Trap" id="a1825670-a77e-4e37-89e8-9e629b001103" size="EncounterCard"><property name="CardNumber" value="500203"/><property name="Position" value="103"/><property name="Quantity" value="2"/><property name="Faction" value="encounter"/><property name="Type" value="attachment"/><property name="Owner" value="kraven_trap_by_nugget"/><property name="Attribute" value="Trap."/><property name="DefaultDiscardPile" value="Special Discard"/></card><card name="Capture Net" id="a1825670-a77e-4e37-89e8-9e629b001104" size="EncounterCard"><property name="CardNumber" value="500204"/><property name="Position" value="104"/><property name="Quantity" value="2"/><property name="Faction" value="encounter"/><property name="Type" value="attachment"/><property name="Owner" value="kraven_trap_by_nugget"/><property name="Attribute" value="Trap."/><property name="DefaultDiscardPile" value="Special Discard"/></card><card name="Quicksand" id="a1825670-a77e-4e37-89e8-9e629b001105" size="EncounterCard"><property name="CardNumber" value="500205"/><property name="Position" value="105"/><property name="Quantity" value="2"/><property name="Faction" value="encounter"/><property name="Type" value="attachment"/><property name="Owner" value="kraven_trap_by_nugget"/><property name="Attribute" value="Trap."/><property name="DefaultDiscardPile" value="Special Discard"/></card><card name="Tranquilizer Darts" id="a1825670-a77e-4e37-89e8-9e629b001106" size="EncounterCard"><property name="CardNumber" value="500206"/><property name="Position" value="106"/><property name="Quantity" value="3"/><property name="Faction" value="encounter"/><property name="Type" value="treachery"/><property name="Owner" value="kraven_trap_by_nugget"/><property name="Attribute" value="Trap."/><property name="DefaultDiscardPile" value="Special Discard"/></card><card name="Swinging Boulder" id="a1825670-a77e-4e37-89e8-9e629b001107" size="EncounterCard"><property name="CardNumber" value="500207"/><property name="Position" value="107"/><property name="Quantity" value="3"/><property name="Faction" value="encounter"/><property name="Type" value="treachery"/><property name="Owner" value="kraven_trap_by_nugget"/><property name="Attribute" value="Trap."/><property name="DefaultDiscardPile" value="Special Discard"/></card><card name="The Savage Six" id="a1825670-a77e-4e37-89e8-9e629b001108" size="SchemeCard"><property name="CardNumber" value="500208"/><property name="Position" value="108"/><property name="Quantity" value="1"/><property name="Faction" value="encounter"/><property name="Type" value="side_scheme"/><property name="Owner" value="savage_six_by_nugget"/><property name="Boost" value="3"/><property name="BaseThreat" value="3"/><property name="BaseThreatFixed" value="False"/><property name="EscalationThreatFixed" value="False"/></card><card name="Vulture" id="a1825670-a77e-4e37-89e8-9e629b001109" size="EncounterCard"><property name="CardNumber" value="500209"/><property name="Position" value="109"/><property name="Quantity" value="1"/><property name="Faction" value="encounter"/><property name="Type" value="minion"/><property name="Owner" value="savage_six_by_nugget"/><property name="Attack" value="2"/><property name="Scheme" value="2"/><property name="Boost" value="1"/><property name="HP" value="4"/><property name="Attribute" value="Aerial. Criminal. Savage Six."/><property name="Unique" value="True"/></card><card name="Rhino" id="a1825670-a77e-4e37-89e8-9e629b001110" size="EncounterCard"><property name="CardNumber" value="500210"/><property name="Position" value="110"/><property name="Quantity" value="1"/><property name="Faction" value="encounter"/><property name="Type" value="minion"/><property name="Owner" value="savage_six_by_nugget"/><property name="Attack" value="3"/><property name="Scheme" value="1"/><property name="Boost" value="1"/><property name="HP" value="6"/><property name="Attribute" value="Criminal. Elite. Savage Six."/><property name="Unique" value="True"/></card><card name="Scorpion" id="a1825670-a77e-4e37-89e8-9e629b001111" size="EncounterCard"><property name="CardNumber" value="500211"/><property name="Position" value="111"/><property name="Quantity" value="1"/><property name="Faction" value="encounter"/><property name="Type" value="minion"/><property name="Owner" value="savage_six_by_nugget"/><property name="Attack" value="3"/><property name="Scheme" value="2"/><property name="Boost" value="1"/><property name="HP" value="5"/><property name="Attribute" value="Criminal. Elite. Savage Six."/><property name="Unique" value="True"/></card><card name="Tarantula" id="a1825670-a77e-4e37-89e8-9e629b001112" size="EncounterCard"><property name="CardNumber" value="500212"/><property name="Position" value="112"/><property name="Quantity" value="1"/><property name="Faction" value="encounter"/><property name="Type" value="minion"/><property name="Owner" value="savage_six_by_nugget"/><property name="Attack" value="2"/><property name="Scheme" value="1"/><property name="Boost" value="1"/><property name="HP" value="4"/><property name="Attribute" value="Criminal. Savage Six."/><property name="Unique" value="True"/></card><card name="King Cobra" id="a1825670-a77e-4e37-89e8-9e629b001113" size="EncounterCard"><property name="CardNumber" value="500213"/><property name="Position" value="113"/><property name="Quantity" value="1"/><property name="Faction" value="encounter"/><property name="Type" value="minion"/><property name="Owner" value="savage_six_by_nugget"/><property name="Attack" value="1"/><property name="Scheme" value="2"/><property name="Boost" value="1"/><property name="HP" value="5"/><property name="Attribute" value="Savage Six. Serpent Society."/><property name="Unique" value="True"/></card><card name="Stegron" id="a1825670-a77e-4e37-89e8-9e629b001114" size="EncounterCard"><property name="CardNumber" value="500214"/><property name="Position" value="114"/><property name="Quantity" value="1"/><property name="Faction" value="encounter"/><property name="Type" value="minion"/><property name="Owner" value="savage_six_by_nugget"/><property name="Attack" value="2"/><property name="Scheme" value="0"/><property name="Boost" value="1"/><property name="HP" value="6"/><property name="Attribute" value="Reptile. Savage Six."/><property name="Unique" value="True"/></card></cards>
</set>
