<?xml version='1.0' encoding='utf-8' standalone='yes'?>
<set name="Skrull Menace" id="af7d7f42-b69a-4c2a-9f9d-f327cdf8ee62" gameId="055c536f-adba-4bc2-acbf-9aefb9756046" gameVersion="0.0.0.0" version="1.0.0.0">
  <cards><card id="af7d7f42-b69a-4c2a-9f9d-f327cd000001" name="Skrull Empire">
        <property name="Type" value="fm_villain_setup"/>
        <property name="Owner" value="skrull_menace_by_kajislav"/>
        <property name="nbModular" value="0"/>
     </card>
<card name="Emperor Dorrek I" id="af7d7f42-b69a-4c2a-9f9d-f327cd007070" size="VillainCard"><property name="CardNumber" value="500770"/><property name="Position" value="70"/><property name="Quantity" value="1"/><property name="Faction" value="encounter"/><property name="DefaultSetupPile" value="Villain"/><property name="Type" value="villain"/><property name="Owner" value="skrull_empire_by_kajislav"/><property name="Stage" value="1"/><property name="Standard" value="True"/><property name="Expert" value="False"/><property name="Attack" value="1"/><property name="Scheme" value="2"/><property name="HP" value="-1"/><property name="Attribute" value="Skrull."/><property name="Text">Retaliate 1.
[star] Emperor Dorrek I's attacks gain ranged.
X : the villain don't have hit points. Damage are dealt do the Skrull Empire Environment.</property><property name="Quote">&lt;i&gt;"Before you stands Dorrek, emperor to a world whose name no outworlder could ever pronounce, and to a race named Skrull! We are, to put it simply, a proud people! Some might even call us imperious!"&lt;/i&gt;</property><property name="Unique" value="True"/></card><card name="Emperor Dorrek I" id="af7d7f42-b69a-4c2a-9f9d-f327cd007071" size="VillainCard"><property name="CardNumber" value="500771"/><property name="Position" value="71"/><property name="Quantity" value="1"/><property name="Faction" value="encounter"/><property name="DefaultSetupPile" value="Villain"/><property name="Type" value="villain"/><property name="Owner" value="skrull_empire_by_kajislav"/><property name="Stage" value="2"/><property name="Standard" value="True"/><property name="Expert" value="True"/><property name="Attack" value="2"/><property name="Scheme" value="2"/><property name="HP" value="-1"/><property name="Attribute" value="Skrull."/><property name="Text">Retaliate 1.
[star] Emperor Dorrek I's attacks gain ranged.
X : the villain don't have hit points. Damage are dealt do the Skrull Empire Environment.</property><property name="Quote">&lt;i&gt;"Before you stands Dorrek, emperor to a world whose name no outworlder could ever pronounce, and to a race named Skrull! We are, to put it simply, a proud people! Some might even call us imperious!"&lt;/i&gt;</property><property name="Unique" value="True"/></card><card name="Emperor Dorrek I" id="af7d7f42-b69a-4c2a-9f9d-f327cd007072" size="VillainCard"><property name="CardNumber" value="500772"/><property name="Position" value="72"/><property name="Quantity" value="1"/><property name="Faction" value="encounter"/><property name="DefaultSetupPile" value="Villain"/><property name="Type" value="villain"/><property name="Owner" value="skrull_empire_by_kajislav"/><property name="Stage" value="3"/><property name="Standard" value="False"/><property name="Expert" value="True"/><property name="Attack" value="2"/><property name="Scheme" value="3"/><property name="HP" value="-1"/><property name="Attribute" value="Skrull."/><property name="Text">Retaliate 2.
[star] Emperor Dorrek I's attacks gain ranged.
X : the villain don't have hit points. Damage are dealt do the Skrull Empire Environment.</property><property name="Quote">&lt;i&gt;"Before you stands Dorrek, emperor to a world whose name no outworlder could ever pronounce, and to a race named Skrull! We are, to put it simply, a proud people! Some might even call us imperious!"&lt;/i&gt;</property><property name="Unique" value="True"/></card><card name="Emperor Dorrek VII" id="af7d7f42-b69a-4c2a-9f9d-f327cd007073" size="VillainCard"><property name="CardNumber" value="500773"/><property name="Position" value="73"/><property name="Quantity" value="1"/><property name="Faction" value="encounter"/><property name="DefaultSetupPile" value="Villain"/><property name="Type" value="villain"/><property name="Owner" value="skrull_empire_by_kajislav"/><property name="Stage" value="1"/><property name="Standard" value="True"/><property name="Expert" value="False"/><property name="Attack" value="2"/><property name="Scheme" value="1"/><property name="HP" value="-1"/><property name="Attribute" value="Skrull."/><property name="Text">Incite 1[per_hero].
[star] Emperor Dorrek VII's attacks gain overkill.
X : the villain don't have hit points. Damage are dealt do the Skrull Empire Environment.</property><property name="Quote">&lt;i&gt;"Every single member of your species will die under my rule. And your families will be the first blood I taste."&lt;/i&gt;</property><property name="Unique" value="True"/></card><card name="Emperor Dorrek VII" id="af7d7f42-b69a-4c2a-9f9d-f327cd007074" size="VillainCard"><property name="CardNumber" value="500774"/><property name="Position" value="74"/><property name="Quantity" value="1"/><property name="Faction" value="encounter"/><property name="DefaultSetupPile" value="Villain"/><property name="Type" value="villain"/><property name="Owner" value="skrull_empire_by_kajislav"/><property name="Stage" value="2"/><property name="Standard" value="True"/><property name="Expert" value="True"/><property name="Attack" value="3"/><property name="Scheme" value="1"/><property name="HP" value="-1"/><property name="Attribute" value="Skrull."/><property name="Text">Incite 1[per_hero].
[star] Emperor Dorrek VII's attacks gain overkill.
X : the villain don't have hit points. Damage are dealt do the Skrull Empire Environment.</property><property name="Quote">&lt;i&gt;"Every single member of your species will die under my rule. And your families will be the first blood I taste."&lt;/i&gt;</property><property name="Unique" value="True"/></card><card name="Emperor Dorrek VII" id="af7d7f42-b69a-4c2a-9f9d-f327cd007075" size="VillainCard"><property name="CardNumber" value="500775"/><property name="Position" value="75"/><property name="Quantity" value="1"/><property name="Faction" value="encounter"/><property name="DefaultSetupPile" value="Villain"/><property name="Type" value="villain"/><property name="Owner" value="skrull_empire_by_kajislav"/><property name="Stage" value="3"/><property name="Standard" value="False"/><property name="Expert" value="True"/><property name="Attack" value="4"/><property name="Scheme" value="2"/><property name="HP" value="-1"/><property name="Attribute" value="Skrull."/><property name="Text">Incite 1[per_hero].
[star] Emperor Dorrek VII's attacks gain overkill.
X : the villain don't have hit points. Damage are dealt do the Skrull Empire Environment.</property><property name="Quote">&lt;i&gt;"Every single member of your species will die under my rule. And your families will be the first blood I taste."&lt;/i&gt;</property><property name="Unique" value="True"/></card><card name="Empress R'Klll" id="af7d7f42-b69a-4c2a-9f9d-f327cd007076" size="VillainCard"><property name="CardNumber" value="500776"/><property name="Position" value="76"/><property name="Quantity" value="1"/><property name="Faction" value="encounter"/><property name="DefaultSetupPile" value="Villain"/><property name="Type" value="villain"/><property name="Owner" value="skrull_empire_by_kajislav"/><property name="Stage" value="1"/><property name="Standard" value="True"/><property name="Expert" value="False"/><property name="Attack" value="1"/><property name="Scheme" value="2"/><property name="HP" value="-1"/><property name="Attribute" value="Skrull."/><property name="Text">&lt;b&gt;When Revealed:&lt;/b&gt; Empress R'Klll attacks each player in hero form.
[star] Empress R'Klll's attacks gain piercing.
X : the villain don't have hit points. Damage are dealt do the Skrull Empire Environment.</property><property name="Quote">&lt;i&gt;"I am far more than a mere Skrull! I am R'Klll, empress of Skrulls! Survivor of Galactus! Mother of Anelle, the holy martyr! Grandmother to Dorrek VIII, the king of all space!"&lt;/i&gt;</property><property name="Unique" value="True"/></card><card name="Empress R'Klll" id="af7d7f42-b69a-4c2a-9f9d-f327cd007077" size="VillainCard"><property name="CardNumber" value="500777"/><property name="Position" value="77"/><property name="Quantity" value="1"/><property name="Faction" value="encounter"/><property name="DefaultSetupPile" value="Villain"/><property name="Type" value="villain"/><property name="Owner" value="skrull_empire_by_kajislav"/><property name="Stage" value="2"/><property name="Standard" value="True"/><property name="Expert" value="True"/><property name="Attack" value="1"/><property name="Scheme" value="3"/><property name="HP" value="-1"/><property name="Attribute" value="Skrull."/><property name="Text">&lt;b&gt;When Revealed:&lt;/b&gt; Empress R'Klll attacks each player in hero form.
[star] Empress R'Klll's attacks gain piercing.
X : the villain don't have hit points. Damage are dealt do the Skrull Empire Environment.</property><property name="Quote">&lt;i&gt;"I am far more than a mere Skrull! I am R'Klll, empress of Skrulls! Survivor of Galactus! Mother of Anelle, the holy martyr! Grandmother to Dorrek VIII, the king of all space!"&lt;/i&gt;</property><property name="Unique" value="True"/></card><card name="Empress R'Klll" id="af7d7f42-b69a-4c2a-9f9d-f327cd007078" size="VillainCard"><property name="CardNumber" value="500778"/><property name="Position" value="78"/><property name="Quantity" value="1"/><property name="Faction" value="encounter"/><property name="DefaultSetupPile" value="Villain"/><property name="Type" value="villain"/><property name="Owner" value="skrull_empire_by_kajislav"/><property name="Stage" value="3"/><property name="Standard" value="False"/><property name="Expert" value="True"/><property name="Attack" value="2"/><property name="Scheme" value="4"/><property name="HP" value="-1"/><property name="Attribute" value="Skrull."/><property name="Text">&lt;b&gt;When Revealed:&lt;/b&gt; Empress R'Klll attacks each player in hero form.
[star] Empress R'Klll's attacks gain piercing.
X : the villain don't have hit points. Damage are dealt do the Skrull Empire Environment.</property><property name="Quote">&lt;i&gt;"I am far more than a mere Skrull! I am R'Klll, empress of Skrulls! Survivor of Galactus! Mother of Anelle, the holy martyr! Grandmother to Dorrek VIII, the king of all space!"&lt;/i&gt;</property><property name="Unique" value="True"/></card><card name="Empress S'Byll" id="af7d7f42-b69a-4c2a-9f9d-f327cd007079" size="VillainCard"><property name="CardNumber" value="500779"/><property name="Position" value="79"/><property name="Quantity" value="1"/><property name="Faction" value="encounter"/><property name="DefaultSetupPile" value="Villain"/><property name="Type" value="villain"/><property name="Owner" value="skrull_empire_by_kajislav"/><property name="Stage" value="1"/><property name="Standard" value="True"/><property name="Expert" value="False"/><property name="Attack" value="2"/><property name="Scheme" value="2"/><property name="HP" value="-1"/><property name="Attribute" value="Skrull."/><property name="Text">Steady. Toughness.
X : the villain don't have hit points. Damage are dealt do the Skrull Empire Environment.</property><property name="Quote">&lt;i&gt;"Everything is subordinate to the triumph of the Skrulls!"&lt;/i&gt;</property><property name="Unique" value="True"/></card><card name="Empress S'Byll" id="af7d7f42-b69a-4c2a-9f9d-f327cd007080" size="VillainCard"><property name="CardNumber" value="500780"/><property name="Position" value="80"/><property name="Quantity" value="1"/><property name="Faction" value="encounter"/><property name="DefaultSetupPile" value="Villain"/><property name="Type" value="villain"/><property name="Owner" value="skrull_empire_by_kajislav"/><property name="Stage" value="2"/><property name="Standard" value="True"/><property name="Expert" value="True"/><property name="Attack" value="3"/><property name="Scheme" value="2"/><property name="HP" value="-1"/><property name="Attribute" value="Skrull."/><property name="Text">Steady. Toughness.
X : the villain don't have hit points. Damage are dealt do the Skrull Empire Environment.</property><property name="Quote">&lt;i&gt;"Everything is subordinate to the triumph of the Skrulls!"&lt;/i&gt;</property><property name="Unique" value="True"/></card><card name="Empress S'Byll" id="af7d7f42-b69a-4c2a-9f9d-f327cd007081" size="VillainCard"><property name="CardNumber" value="500781"/><property name="Position" value="81"/><property name="Quantity" value="1"/><property name="Faction" value="encounter"/><property name="DefaultSetupPile" value="Villain"/><property name="Type" value="villain"/><property name="Owner" value="skrull_empire_by_kajislav"/><property name="Stage" value="3"/><property name="Standard" value="False"/><property name="Expert" value="True"/><property name="Attack" value="3"/><property name="Scheme" value="3"/><property name="HP" value="-1"/><property name="Attribute" value="Skrull."/><property name="Text">Stalwart. Toughness.
X : the villain don't have hit points. Damage are dealt do the Skrull Empire Environment.</property><property name="Quote">&lt;i&gt;"Everything is subordinate to the triumph of the Skrulls!"&lt;/i&gt;</property><property name="Unique" value="True"/></card><card name="Rise of the Skrull Empire" id="af7d7f42-b69a-4c2a-9f9d-f327cd007082" size="SchemeCard"><property name="CardNumber" value="500782a"/><property name="Position" value="82"/><property name="Quantity" value="1"/><property name="Faction" value="encounter"/><property name="DefaultSetupPile" value="Scheme"/><property name="Type" value="main_scheme"/><property name="Owner" value="skrull_empire_by_kajislav"/><property name="Stage" value="0"/><property name="BaseThreatFixed" value="False"/><property name="EscalationThreatFixed" value="False"/><property name="Text">Contents: All villains (I) and (II) &lt;i&gt;(stages (II) and (III) instead for the expert mode)&lt;/i&gt;. Skrull Empire, Skrull Society and Standard sets. One modular set &lt;i&gt;(Army of Skrulls)&lt;/i&gt;.
&lt;b&gt;Setup:&lt;/b&gt; Create the &lt;b&gt;&lt;i&gt;PLANET &lt;/i&gt;&lt;/b&gt;and the Villain deck &lt;i&gt;(see insert)&lt;/i&gt;. Reveal the top card of the Villain deck. Put the Skrull Empire environment (I) into play &lt;i&gt;(stage (II) instead for the expert mode)&lt;/i&gt;.</property><property name="Unique" value="True"/><alternate name="Rise of the Skrull Empire" type="b" size="SchemeCard"><property name="CardNumber" value="500782b"/><property name="Position" value="82"/><property name="Quantity" value="1"/><property name="Faction" value="encounter"/><property name="DefaultSetupPile" value="Scheme"/><property name="Type" value="main_scheme"/><property name="Owner" value="skrull_empire_by_kajislav"/><property name="Stage" value="0"/><property name="BaseThreat" value="0"/><property name="BaseThreatFixed" value="True"/><property name="Threat" value="6"/><property name="EscalationThreat" value="2"/><property name="EscalationThreatFixed" value="False"/><property name="Text">&lt;b&gt;When Revealed:&lt;/b&gt; Reveal the top card of the &lt;b&gt;&lt;i&gt;PLANET &lt;/i&gt;&lt;/b&gt;deck.</property><property name="Quote">&lt;i&gt;The Skrulls are a breed of green-skinned humanoids from the Andromeda Galaxy. They are a fierce warrior race who carved for themselves the oldest surviving empire in the Universe's history.&lt;/i&gt;</property><property name="Unique" value="True"/></alternate></card><card name="Andromeda Galaxy Colonization" id="af7d7f42-b69a-4c2a-9f9d-f327cd007083" size="SchemeCard"><property name="CardNumber" value="500783a"/><property name="Position" value="83"/><property name="Quantity" value="1"/><property name="Faction" value="encounter"/><property name="DefaultSetupPile" value="Scheme"/><property name="Type" value="main_scheme"/><property name="Owner" value="skrull_empire_by_kajislav"/><property name="Stage" value="0"/><property name="BaseThreatFixed" value="False"/><property name="EscalationThreatFixed" value="False"/><property name="Text">&lt;b&gt;When Revealed:&lt;/b&gt; Discard cards from the encounter deck until a &lt;b&gt;Skrull&lt;/b&gt; minion is discarded. Put that minion into play engaged with the first player.</property><property name="Quote">&lt;i&gt;The Andromeda Galaxy is home to a great number of alien species, foremost among them the Skrulls who are usually the dominant force of their galaxy, a galaxy with millions of inhabited worlds.&lt;/i&gt;</property><property name="Unique" value="True"/><alternate name="Andromeda Galaxy Colonization" type="b" size="SchemeCard"><property name="CardNumber" value="500783b"/><property name="Position" value="83"/><property name="Quantity" value="1"/><property name="Faction" value="encounter"/><property name="DefaultSetupPile" value="Scheme"/><property name="Type" value="main_scheme"/><property name="Owner" value="skrull_empire_by_kajislav"/><property name="Stage" value="0"/><property name="BaseThreat" value="2"/><property name="BaseThreatFixed" value="False"/><property name="Threat" value="7"/><property name="EscalationThreat" value="1"/><property name="EscalationThreatFixed" value="False"/><property name="Text">&lt;b&gt;When Revealed:&lt;/b&gt; Reveal the top card of the &lt;b&gt;&lt;i&gt;PLANET &lt;/i&gt;&lt;/b&gt;deck.</property><property name="Quote">&lt;i&gt;The Skrulls have dominated the Andromeda Galaxy for tens of millions of years, though their dominance has fluctuated as their empire has gone through cycles of expansion, decline, and resurgence.&lt;/i&gt;</property><property name="Unique" value="True"/></alternate></card><card name="Further Empire Expansion" id="af7d7f42-b69a-4c2a-9f9d-f327cd007084" size="SchemeCard"><property name="CardNumber" value="500784a"/><property name="Position" value="84"/><property name="Quantity" value="1"/><property name="Faction" value="encounter"/><property name="DefaultSetupPile" value="Scheme"/><property name="Type" value="main_scheme"/><property name="Owner" value="skrull_empire_by_kajislav"/><property name="Stage" value="0"/><property name="BaseThreatFixed" value="False"/><property name="EscalationThreatFixed" value="False"/><property name="Text">&lt;b&gt;When Revealed:&lt;/b&gt; Discard cards from the encounter deck until a &lt;b&gt;Skrull&lt;/b&gt; minion is discarded. Put that minion into play engaged with the first player.</property><property name="Quote">&lt;i&gt;The Skrulls have also expanded their dominion by colonizing uninhabited worlds. Within the Andromeda Galaxy, the Skrull have conquered or colonized every suitable world.&lt;/i&gt;</property><property name="Unique" value="True"/><alternate name="Further Empire Expansion" type="b" size="SchemeCard"><property name="CardNumber" value="500784b"/><property name="Position" value="84"/><property name="Quantity" value="1"/><property name="Faction" value="encounter"/><property name="DefaultSetupPile" value="Scheme"/><property name="Type" value="main_scheme"/><property name="Owner" value="skrull_empire_by_kajislav"/><property name="Stage" value="0"/><property name="BaseThreat" value="0"/><property name="BaseThreatFixed" value="True"/><property name="Threat" value="5"/><property name="EscalationThreat" value="1"/><property name="EscalationThreatFixed" value="False"/><property name="Text">&lt;b&gt;When Revealed:&lt;/b&gt; Reveal the top card of the &lt;b&gt;&lt;i&gt;PLANET &lt;/i&gt;&lt;/b&gt;deck.</property><property name="Quote">&lt;i&gt;As time went on, Skrulls were already expanding into neighboring galaxies becoming an intergalactic empire.&lt;/i&gt;</property><property name="Unique" value="True"/></alternate></card><card name="Entire Universe Domination" id="af7d7f42-b69a-4c2a-9f9d-f327cd007085" size="SchemeCard"><property name="CardNumber" value="500785a"/><property name="Position" value="85"/><property name="Quantity" value="1"/><property name="Faction" value="encounter"/><property name="DefaultSetupPile" value="Scheme"/><property name="Type" value="main_scheme"/><property name="Owner" value="skrull_empire_by_kajislav"/><property name="Stage" value="0"/><property name="BaseThreatFixed" value="False"/><property name="EscalationThreatFixed" value="False"/><property name="Text">&lt;b&gt;When Revealed:&lt;/b&gt; Discard cards from the encounter deck until a &lt;b&gt;&lt;i&gt;SKRULL &lt;/i&gt;&lt;/b&gt;minion is discarded. Put that minion into play engaged with the first player.</property><property name="Quote">&lt;i&gt;The Skrulls consider it their duty to bring peace to the cosmos by conquering and subjugating every inhabited world in the universe.&lt;/i&gt;</property><property name="Unique" value="True"/><alternate name="Entire Universe Domination" type="b" size="SchemeCard"><property name="CardNumber" value="500785b"/><property name="Position" value="85"/><property name="Quantity" value="1"/><property name="Faction" value="encounter"/><property name="DefaultSetupPile" value="Scheme"/><property name="Type" value="main_scheme"/><property name="Owner" value="skrull_empire_by_kajislav"/><property name="Stage" value="0"/><property name="BaseThreat" value="1"/><property name="BaseThreatFixed" value="False"/><property name="Threat" value="9"/><property name="EscalationThreat" value="2"/><property name="EscalationThreatFixed" value="False"/><property name="Text">&lt;b&gt;When Revealed:&lt;/b&gt; Reveal the top card of the &lt;b&gt;&lt;i&gt;PLANET &lt;/i&gt;&lt;/b&gt;deck.
&lt;b&gt;If this stage is completed, the players lose the game.&lt;/b&gt;</property><property name="Quote">&lt;i&gt;Skrulls are taught that every world in the cosmos is meant to be a Skrull world. They see it as their destiny.&lt;/i&gt;</property><property name="Unique" value="True"/></alternate></card><card name="Skrull Empire I" id="af7d7f42-b69a-4c2a-9f9d-f327cd007086" size="EncounterCard"><property name="CardNumber" value="500786"/><property name="Position" value="86"/><property name="Quantity" value="1"/><property name="Faction" value="encounter"/><property name="Type" value="environment"/><property name="Owner" value="skrull_empire_by_kajislav"/><property name="HP" value="14"/><property name="HP_Per_Hero" value="True"/><property name="Text">&lt;i&gt;Incite Rebellion&lt;/i&gt; - &lt;b&gt;Hero Action:&lt;/b&gt; Choose to either exhaust your hero or spend 2 resources of any type → choose 1 &lt;b&gt;&lt;i&gt;PLANET &lt;/i&gt;&lt;/b&gt;environment in play. Treat its printed text box as if it were blank until the end of the round. (Limit once per round per player.)</property></card><card name="Skrull Empire II" id="af7d7f42-b69a-4c2a-9f9d-f327cd007087" size="EncounterCard"><property name="CardNumber" value="500787"/><property name="Position" value="87"/><property name="Quantity" value="1"/><property name="Faction" value="encounter"/><property name="Type" value="environment"/><property name="Owner" value="skrull_empire_by_kajislav"/><property name="HP" value="18"/><property name="HP_Per_Hero" value="True"/><property name="Text">&lt;b&gt;When Revealed:&lt;/b&gt; Shuffle each set-aside Overthrow into the encounter deck.
&lt;i&gt;Incite Rebellion&lt;/i&gt; - &lt;b&gt;Hero Action:&lt;/b&gt; Choose to either exhaust your hero or spend 2 resources of any type → choose 1 &lt;b&gt;&lt;i&gt;PLANET &lt;/i&gt;&lt;/b&gt;environment in play. Treat its printed text box as if it were blank until the end of the round. (Limit once per round per player.)</property></card><card name="Skrull Empire III" id="af7d7f42-b69a-4c2a-9f9d-f327cd007088" size="EncounterCard"><property name="CardNumber" value="500788"/><property name="Position" value="88"/><property name="Quantity" value="1"/><property name="Faction" value="encounter"/><property name="Type" value="environment"/><property name="Owner" value="skrull_empire_by_kajislav"/><property name="HP" value="22"/><property name="HP_Per_Hero" value="True"/><property name="Text">&lt;b&gt;When Revealed:&lt;/b&gt; Shuffle each set-aside Overthrow into the encounter deck.
&lt;i&gt;Incite Rebellion&lt;/i&gt; - &lt;b&gt;Hero Action:&lt;/b&gt; Choose to either exhaust your hero or spend 2 resources of any type → choose 1 &lt;b&gt;&lt;i&gt;PLANET &lt;/i&gt;&lt;/b&gt;environment in play. Treat its printed text box as if it were blank until the end of the round. (Limit once per round per player.)</property></card><card name="Aks'lo" id="af7d7f42-b69a-4c2a-9f9d-f327cd007089" size="EncounterCard"><property name="CardNumber" value="500789"/><property name="Position" value="89"/><property name="Quantity" value="1"/><property name="Faction" value="encounter"/><property name="Type" value="environment"/><property name="Owner" value="skrull_empire_by_kajislav"/><property name="Attribute" value="Location. Planet."/><property name="Text">Each &lt;b&gt;&lt;i&gt;SKRULL &lt;/i&gt;&lt;/b&gt;minion gets +2 hit points.</property><property name="Quote">&lt;i&gt;A jewel in the crown of the Skrull Empire. Once the remote world was a wildlife sanctuary. A garden on the edge of spacefor the Skrull empress and her most trusted advisors to enjoy.&lt;/i&gt;</property></card><card name="Hy'lt Minor" id="af7d7f42-b69a-4c2a-9f9d-f327cd007090" size="EncounterCard"><property name="CardNumber" value="500790"/><property name="Position" value="90"/><property name="Quantity" value="1"/><property name="Faction" value="encounter"/><property name="Type" value="environment"/><property name="Owner" value="skrull_empire_by_kajislav"/><property name="Attribute" value="Location. Planet."/><property name="Text">Each identity gets -1 REC.</property><property name="Quote">&lt;i&gt;Hy'lt Minor was a planet inhabited by the Skrulls. It was attacked by the Builders who sent an army of Alephs to destroy it.&lt;/i&gt;</property></card><card name="Satriani" id="af7d7f42-b69a-4c2a-9f9d-f327cd007091" size="EncounterCard"><property name="CardNumber" value="500791"/><property name="Position" value="91"/><property name="Quantity" value="1"/><property name="Faction" value="encounter"/><property name="Type" value="environment"/><property name="Owner" value="skrull_empire_by_kajislav"/><property name="Attribute" value="Location. Planet."/><property name="Text">Each &lt;b&gt;&lt;i&gt;SKRULL &lt;/i&gt;&lt;/b&gt;minion gains guard.</property><property name="Quote">&lt;i&gt;The third known world to be the Throneworld of the Skrull Empire. A throneworld under Empress S'Byll and later Queen Veranke.&lt;/i&gt;</property></card><card name="Skrell" id="af7d7f42-b69a-4c2a-9f9d-f327cd007092" size="EncounterCard"><property name="CardNumber" value="500792"/><property name="Position" value="92"/><property name="Quantity" value="1"/><property name="Faction" value="encounter"/><property name="Type" value="environment"/><property name="Owner" value="skrull_empire_by_kajislav"/><property name="Attribute" value="Location. Planet."/><property name="Text">Each &lt;b&gt;&lt;i&gt;SKRULL &lt;/i&gt;&lt;/b&gt;minion gets +1 SCH.</property><property name="Quote">&lt;i&gt;Skrell, a colony world which was founded by Skrull scientists, was mostly ignored by the warlords, who traditionally had little regard for the scientist cast.&lt;/i&gt;</property></card><card name="Skrullos" id="af7d7f42-b69a-4c2a-9f9d-f327cd007093" size="EncounterCard"><property name="CardNumber" value="500793"/><property name="Position" value="93"/><property name="Quantity" value="1"/><property name="Faction" value="encounter"/><property name="Type" value="environment"/><property name="Owner" value="skrull_empire_by_kajislav"/><property name="Attribute" value="Location. Planet."/><property name="Text">Each side scheme gains the crisis icon ([crisis icon]).</property><property name="Quote">&lt;i&gt;At first there were three groups of Skrulls on Skrullos, the immortal Eternals rapidly evolving Prime Skrulls and the shapeshifting Deviants.&lt;/i&gt;</property></card><card name="Tarnax II" id="af7d7f42-b69a-4c2a-9f9d-f327cd007094" size="EncounterCard"><property name="CardNumber" value="500794"/><property name="Position" value="94"/><property name="Quantity" value="1"/><property name="Faction" value="encounter"/><property name="Type" value="environment"/><property name="Owner" value="skrull_empire_by_kajislav"/><property name="Attribute" value="Location. Planet."/><property name="Text">Decrease the target threat value of the main scheme by 1[per_hero] .</property><property name="Quote">&lt;i&gt;Tarnax II is a world of chameleons, or better said shape-shifters, not bound to one specific shape or purpose of form. A new Skrull civilization was established on this planet.&lt;/i&gt;</property></card><card name="Tarnax IV" id="af7d7f42-b69a-4c2a-9f9d-f327cd007095" size="EncounterCard"><property name="CardNumber" value="500795"/><property name="Position" value="95"/><property name="Quantity" value="1"/><property name="Faction" value="encounter"/><property name="Type" value="environment"/><property name="Owner" value="skrull_empire_by_kajislav"/><property name="Attribute" value="Location. Planet."/><property name="Text">While a side scheme is in play, this card gains the amplify icon ([amplify]).</property><property name="Quote">&lt;i&gt;Approximately 100,000 years ago, the Skrulls throneworld was relocated to Tarnax IV. It remained the center of the empire till its destruction at the hands of Galactus.&lt;/i&gt;</property></card><card name="Tarnax VII" id="af7d7f42-b69a-4c2a-9f9d-f327cd007096" size="EncounterCard"><property name="CardNumber" value="500796"/><property name="Position" value="96"/><property name="Quantity" value="1"/><property name="Faction" value="encounter"/><property name="Type" value="environment"/><property name="Owner" value="skrull_empire_by_kajislav"/><property name="Attribute" value="Location. Planet."/><property name="Text">Each &lt;b&gt;&lt;i&gt;SKRULL &lt;/i&gt;&lt;/b&gt;minion gets +1 ATK.</property><property name="Quote">&lt;i&gt;Tarnax VII is another planet, ruled by the Skrull Empire. It contains several military training centers, specializing in the training of Super-Skrulls.&lt;/i&gt;</property></card><card name="Zaragz'na" id="af7d7f42-b69a-4c2a-9f9d-f327cd007097" size="EncounterCard"><property name="CardNumber" value="500797"/><property name="Position" value="97"/><property name="Quantity" value="1"/><property name="Faction" value="encounter"/><property name="Type" value="environment"/><property name="Owner" value="skrull_empire_by_kajislav"/><property name="Attribute" value="Location. Planet."/><property name="Text">Each ally and support enters play exhausted.</property><property name="Quote">&lt;i&gt;Zaragz'na was a home to the family of Kl'rt, but years before he became the Super-Skrull. He betrothed a wealthy Skrullian countess ans spawned two children, a son, Sarnogg, and a daughter, Jazinda.&lt;/i&gt;</property></card><card name="Impostor" id="af7d7f42-b69a-4c2a-9f9d-f327cd007098" size="EncounterCard"><property name="CardNumber" value="500798"/><property name="Position" value="98"/><property name="Quantity" value="1"/><property name="Faction" value="encounter"/><property name="Type" value="attachment"/><property name="Owner" value="skrull_empire_by_kajislav"/><property name="Boost" value="1"/><property name="Attribute" value="Condition."/><property name="Text">Treat attached ally as a &lt;b&gt;SKRULL &lt;/b&gt;minion with a blank text box. Attached minion's SCH is equal to its printed THW and it does not take consequential damage.
When revealed: Attach to the non-&lt;b&gt;&lt;i&gt;SKRULL &lt;/i&gt;&lt;/b&gt;ally with the most remaining hit points without Impostor attached. Attached ally engages its controller. Otherwise, the villain schemes.</property></card><card name="Intelligentsia" id="af7d7f42-b69a-4c2a-9f9d-f327cd007099" size="EncounterCard"><property name="CardNumber" value="500799"/><property name="Position" value="99"/><property name="Quantity" value="1"/><property name="Faction" value="encounter"/><property name="Type" value="minion"/><property name="Owner" value="skrull_empire_by_kajislav"/><property name="Scheme" value="2"/><property name="Boost" value="2"/><property name="HP" value="5"/><property name="Attribute" value="Skrull."/><property name="Text">Each other &lt;b&gt;&lt;i&gt;SKRULL &lt;/i&gt;&lt;/b&gt;enemy gets +1 SCH.
[star] &lt;b&gt;Forced Interrupt:&lt;/b&gt; When Intelligentsia would attack, she schemes instead.
[acceleration]</property><property name="Unique" value="True"/></card><card name="Emperor's Throne" id="af7d7f42-b69a-4c2a-9f9d-f327cd007100" size="SchemeCard"><property name="CardNumber" value="500800"/><property name="Position" value="100"/><property name="Quantity" value="1"/><property name="Faction" value="encounter"/><property name="Type" value="side_scheme"/><property name="Owner" value="skrull_empire_by_kajislav"/><property name="Boost" value="3"/><property name="BaseThreat" value="2"/><property name="BaseThreatFixed" value="False"/><property name="EscalationThreatFixed" value="False"/><property name="Text">&lt;b&gt;When Defeated:&lt;/b&gt; The villain attacks the player who defeated this scheme &lt;i&gt;(even if that player is in alter-ego form)&lt;/i&gt;. Give the villain 1 additional boost card for this activation.
[acceleration] [hazard]</property><property name="Quote">&lt;i&gt;"How dare you come here and threaten me in my own home? The Earth planet is ours!" -Emperor Dorrek VII&lt;/i&gt;</property></card><card name="Seeking a Suitable World" id="af7d7f42-b69a-4c2a-9f9d-f327cd007101" size="SchemeCard"><property name="CardNumber" value="500801"/><property name="Position" value="101"/><property name="Quantity" value="3"/><property name="Faction" value="encounter"/><property name="Type" value="side_scheme"/><property name="Owner" value="skrull_empire_by_kajislav"/><property name="BaseThreat" value="3"/><property name="BaseThreatFixed" value="False"/><property name="EscalationThreatFixed" value="False"/><property name="Text">Incite 2.
[acceleration]</property><property name="Quote">&lt;i&gt;Emperor Dorrek I was the Skrull ruler who began to expand his race's influence by seeking new worlds beyond their own.&lt;/i&gt;</property></card><card name="A New Skrull Is Born" id="af7d7f42-b69a-4c2a-9f9d-f327cd007102" size="EncounterCard"><property name="CardNumber" value="500802"/><property name="Position" value="102"/><property name="Quantity" value="2"/><property name="Faction" value="encounter"/><property name="Type" value="treachery"/><property name="Owner" value="skrull_empire_by_kajislav"/><property name="Boost" value="1"/><property name="Text">&lt;b&gt;When Revealed:&lt;/b&gt; Discard cards from the encounter deck until you discard a &lt;b&gt;&lt;i&gt;SKRULL &lt;/i&gt;&lt;/b&gt;minion and reveal it.</property><property name="Quote">&lt;i&gt;"The war song of the Skrulls sings inside you. You are the requiem of the shapeless soul!" -Empress S'Byll&lt;/i&gt;</property></card><card name="Giving Orders" id="af7d7f42-b69a-4c2a-9f9d-f327cd007103" size="EncounterCard"><property name="CardNumber" value="500803"/><property name="Position" value="103"/><property name="Quantity" value="2"/><property name="Faction" value="encounter"/><property name="Type" value="treachery"/><property name="Owner" value="skrull_empire_by_kajislav"/><property name="Boost" value="1"/><property name="Text">&lt;b&gt;When Revealed:&lt;/b&gt; Each &lt;b&gt;&lt;i&gt;SKRULL &lt;/i&gt;&lt;/b&gt;minion activates against the player it is engaged with. If no minion activated this way, this card gains surge.</property><property name="Quote">&lt;i&gt;"Warriors of the Skrull armada! This base now belongs to us!" -Emperor Dorrek VII&lt;/i&gt;</property></card><card name="Long Live the Empire" id="af7d7f42-b69a-4c2a-9f9d-f327cd007104" size="EncounterCard"><property name="CardNumber" value="500804"/><property name="Position" value="104"/><property name="Quantity" value="2"/><property name="Faction" value="encounter"/><property name="Type" value="treachery"/><property name="Owner" value="skrull_empire_by_kajislav"/><property name="Boost" value="1"/><property name="Text">&lt;b&gt;When Revealed:&lt;/b&gt; Heal 2 damage from the villain for each &lt;b&gt;&lt;i&gt;SKRULL &lt;/i&gt;&lt;/b&gt;enemy in play. If no damage was healed this way, this card gains surge.
[star] &lt;b&gt;Boost:&lt;/b&gt; Heal 1 damage from the villain for each &lt;b&gt;&lt;i&gt;SKRULL &lt;/i&gt;&lt;/b&gt;enemy in play.</property></card><card name="Overthrow" id="af7d7f42-b69a-4c2a-9f9d-f327cd007105" size="EncounterCard"><property name="CardNumber" value="500805"/><property name="Position" value="105"/><property name="Quantity" value="3"/><property name="Faction" value="encounter"/><property name="Type" value="treachery"/><property name="Owner" value="skrull_empire_by_kajislav"/><property name="Text">&lt;b&gt;When Revealed:&lt;/b&gt; Remove the current villain from the game and reveal the top card of the villain deck. Then, set Overthrow aside, out of play.
[star] &lt;b&gt;Boost:&lt;/b&gt; Deal this card to yourself as a facedown encounter card.</property></card><card name="Wrath of the Empire" id="af7d7f42-b69a-4c2a-9f9d-f327cd007106" size="EncounterCard"><property name="CardNumber" value="500806"/><property name="Position" value="106"/><property name="Quantity" value="3"/><property name="Faction" value="encounter"/><property name="Type" value="treachery"/><property name="Owner" value="skrull_empire_by_kajislav"/><property name="Text">&lt;b&gt;When Revealed:&lt;/b&gt; Discard the top 2 cards of the encounter deck for each &lt;b&gt;&lt;i&gt;PLANET &lt;/i&gt;&lt;/b&gt;environment in play. Place 1 acceleration token on the main scheme, if a card with the acceleration icon ([acceleration]) was discarded this way.
[star] &lt;b&gt;Boost:&lt;/b&gt; This card gets +1 boost icon ( [boost] ) for each &lt;b&gt;&lt;i&gt;PLANET &lt;/i&gt;&lt;/b&gt;environment in play.</property></card></cards>
</set>
