<?xml version='1.0' encoding='utf-8' standalone='yes'?>
<set name="Heimdall" id="c9c9899a-e4d2-412f-9dd0-dd6f3b2108cf" gameId="055c536f-adba-4bc2-acbf-9aefb9756046" gameVersion="0.0.0.0" version="1.0.0.0">
  <cards>
    <card id="c9c9899a-e4d2-412f-9dd0-dd6f3b000000" name="heimdall_by_jackhkp">
      <property name="Type" value="fm_hero_setup"/>
      <property name="Owner" value="heimdall_by_jackhkp"/>
    </card>
    <card id="c9c9899a-e4d2-412f-9dd0-dd6f3b990000" name="heimdall_by_jackhkp">
      <property name="Type" value="fm_encounter_setup"/>
      <property name="Owner" value="heimdall_by_jackhkp_nemesis"/>
    </card>
    <card name="Heimdall" id="c9c9899a-e4d2-412f-9dd0-dd6f3b006001">
      <property name="CardNumber" value="200601a"/>
      <property name="Position" value="1"/>
      <property name="Quantity" value="1"/>
      <property name="Faction" value="hero"/>
      <property name="Type" value="hero"/>
      <property name="Owner" value="heimdall_by_jackhkp"/>
      <property name="HandSize" value="5"/>
      <property name="Thwart" value="1"/>
      <property name="Attack" value="2"/>
      <property name="Defense" value="3"/>
      <property name="HP" value="13"/>
      <property name="Attribute" value="Asgard."/>
      <property name="Text">&lt;i&gt;God of Vigilance&lt;/i&gt; — &lt;b&gt;Response&lt;/b&gt;: After a card you own prevents a minion from entering play, any amount of threat from being placed on a scheme or a friendly character from taking any amount of damage, remove 2 threat from a scheme. (Limit once per phase.)</property>
      <property name="Unique" value="True"/>
      <alternate name="Heimdall" type="b">
        <property name="CardNumber" value="200601b"/>
        <property name="Position" value="1"/>
        <property name="Quantity" value="1"/>
        <property name="Faction" value="hero"/>
        <property name="Type" value="alter_ego"/>
        <property name="Owner" value="heimdall_by_jackhkp"/>
        <property name="HandSize" value="6"/>
        <property name="Recovery" value="4"/>
        <property name="HP" value="13"/>
        <property name="Attribute" value="Asgard."/>
        <property name="Text">&lt;i&gt;Sentinel of Asgard&lt;/i&gt; — You may include [[asgard]] allies from any aspect in your deck.
&lt;b&gt;Action&lt;/b&gt;: Search your deck and discard pile for the Hofund upgrade and add it to your hand. (Limit once per round.)
&lt;i&gt;“Even Blinded, I can see the truth, Sif..”&lt;/i&gt;</property>
        <property name="Unique" value="True"/>
      </alternate>
    </card>
    <card name="Banishing Blow" id="c9c9899a-e4d2-412f-9dd0-dd6f3b006002">
      <property name="CardNumber" value="200602"/>
      <property name="Position" value="2"/>
      <property name="Quantity" value="3"/>
      <property name="Faction" value="hero"/>
      <property name="Type" value="event"/>
      <property name="Owner" value="heimdall_by_jackhkp"/>
      <property name="Cost" value="1"/>
      <property name="Resource_Physical" value="1"/>
      <property name="Attribute" value="Attack. Skill."/>
      <property name="Text">&lt;b&gt;Hero Action&lt;/b&gt; &lt;i&gt;(attack)&lt;/i&gt;: Deal 3 damage to an enemy. Flip The Bifrost to its [[closed]] side.
&lt;b&gt;Hero Interrupt&lt;/b&gt;: When a minion enters play, exhaust Hofund → discard that minion instead. If an [[elite]] minion was discarded this way, shuffle it into the encounter deck. Flip The Bifrost to its [[closed]] side.
&lt;i&gt;"I'll use telepathy to get a census--" &lt;/i&gt;</property>
    </card>
    <card name="Cosmic Strike" id="c9c9899a-e4d2-412f-9dd0-dd6f3b006003">
      <property name="CardNumber" value="200603"/>
      <property name="Position" value="3"/>
      <property name="Quantity" value="1"/>
      <property name="Faction" value="hero"/>
      <property name="Type" value="event"/>
      <property name="Owner" value="heimdall_by_jackhkp"/>
      <property name="Cost" value="3"/>
      <property name="Resource_Energy" value="1"/>
      <property name="Attribute" value="Attack. Superpower."/>
      <property name="Text">&lt;b&gt;Hero Action&lt;/b&gt; &lt;i&gt;(attack)&lt;/i&gt;: Deal 8 damage to an enemy. If The Bifrost is on its [[opened]] side, you may exhaust Hofund → this attack gains overkill and deal 2 damage to each other enemy.
&lt;i&gt;"Allfathers. Let the dark magic flow through me one last time." -Heimdall&lt;/i&gt;</property>
    </card>
    <card name="&quot;Get Me Out!&quot;" id="c9c9899a-e4d2-412f-9dd0-dd6f3b006004">
      <property name="CardNumber" value="200604"/>
      <property name="Position" value="4"/>
      <property name="Quantity" value="2"/>
      <property name="Faction" value="hero"/>
      <property name="Type" value="event"/>
      <property name="Owner" value="heimdall_by_jackhkp"/>
      <property name="Cost" value="0"/>
      <property name="Resource_Energy" value="1"/>
      <property name="Attribute" value="Defense. Tactic."/>
      <property name="Text">&lt;b&gt;Hero Interrupt&lt;/b&gt; &lt;i&gt;(defense)&lt;/i&gt;: When a friendly character would take any amount of damage from an attack, exhaust The Bifrost → prevent all of that damage. Flip The Bifrost to its [[opened]] side. If The Bifrost was already on its [[opened]] side, confuse the attacking enemy.
&lt;i&gt;"Allfathers. Let the dark magic flow through me one last time." -Heimdall&lt;/i&gt;</property>
    </card>
    <card name="Heimdall's Observatory" id="c9c9899a-e4d2-412f-9dd0-dd6f3b006005">
      <property name="CardNumber" value="200605"/>
      <property name="Position" value="5"/>
      <property name="Quantity" value="1"/>
      <property name="Faction" value="hero"/>
      <property name="Type" value="support"/>
      <property name="Owner" value="heimdall_by_jackhkp"/>
      <property name="Cost" value="1"/>
      <property name="Resource_Physical" value="1"/>
      <property name="Attribute" value="Asgard. Location."/>
      <property name="Text">While Heimdall is in alter-ego form, he gets +2 REC.
&lt;b&gt;Alter-Ego Response&lt;/b&gt;: After you change form, exhaust this card → shuffle up to 2 allies from your discard pile into your deck.
&lt;i&gt;"You wish to know what I see?" -Heimdall&lt;/i&gt;</property>
      <property name="Unique" value="True"/>
    </card>
    <card name="All-Hearing" id="c9c9899a-e4d2-412f-9dd0-dd6f3b006006">
      <property name="CardNumber" value="200606"/>
      <property name="Position" value="6"/>
      <property name="Quantity" value="1"/>
      <property name="Faction" value="hero"/>
      <property name="Type" value="upgrade"/>
      <property name="Owner" value="heimdall_by_jackhkp"/>
      <property name="Cost" value="2"/>
      <property name="Resource_Mental" value="1"/>
      <property name="Attribute" value="Superpower."/>
      <property name="Text">While Heimdall is in hero form, he gets +1 THW.
&lt;b&gt;Hero Interrupt&lt;/b&gt;: When any amount of threat would be placed on a scheme (except during step 1 of the villain phase), exhaust this card → prevent 1 of that threat.
&lt;i&gt;“I'm okay, guys. I'm still in Colossus's armored form...” —Synch&lt;/i&gt;</property>
    </card>
    <card name="All-Seeing" id="c9c9899a-e4d2-412f-9dd0-dd6f3b006007">
      <property name="CardNumber" value="200607"/>
      <property name="Position" value="7"/>
      <property name="Quantity" value="1"/>
      <property name="Faction" value="hero"/>
      <property name="Type" value="upgrade"/>
      <property name="Owner" value="heimdall_by_jackhkp"/>
      <property name="Cost" value="1"/>
      <property name="Resource_Mental" value="1"/>
      <property name="Attribute" value="Superpower."/>
      <property name="Text">&lt;b&gt;Hero Action&lt;/b&gt;: Exhaust this card → look at the top 1[per_hero] cards of the encounter deck. If you looked at any minion, you may put it into play engaged with you to remove 2 threat from a scheme.
&lt;i&gt;“I see WARS, Odinson.” —Heimdall&lt;/i&gt;</property>
    </card>
    <card name="Gjallarhorn" id="c9c9899a-e4d2-412f-9dd0-dd6f3b006008">
      <property name="CardNumber" value="200608"/>
      <property name="Position" value="8"/>
      <property name="Quantity" value="1"/>
      <property name="Faction" value="hero"/>
      <property name="Type" value="upgrade"/>
      <property name="Owner" value="heimdall_by_jackhkp"/>
      <property name="Cost" value="2"/>
      <property name="Resource_Physical" value="1"/>
      <property name="Attribute" value="Asgard. Item."/>
      <property name="Text">Each of your [[asgard]] allies costs 1 fewer resource to play.&lt;b&gt;
Hero Response&lt;/b&gt;: After an ally you control defeats a minion or a side scheme, draw 1 card.
&lt;i&gt;“The end is come! The horn is sounded!” —Freja&lt;/i&gt;</property>
      <property name="Unique" value="True"/>
    </card>
    <card name="Guardian of the Rainbow Bridge" id="c9c9899a-e4d2-412f-9dd0-dd6f3b006009">
      <property name="CardNumber" value="200609"/>
      <property name="Position" value="9"/>
      <property name="Quantity" value="1"/>
      <property name="Faction" value="hero"/>
      <property name="Type" value="upgrade"/>
      <property name="Owner" value="heimdall_by_jackhkp"/>
      <property name="Cost" value="3"/>
      <property name="Resource_Mental" value="1"/>
      <property name="Attribute" value="Asgard. Title."/>
      <property name="Text">While The Bifrost is on its [[opened]] side, Heimdall gains retaliate 1.
While The Bifrost is on its [[closed]] side, Heimdall gains steady.
&lt;b&gt;Hero Interrupt&lt;/b&gt;: When a minion enters play, exhaust this card → ready Heimdall.
&lt;i&gt;“They shall not pass.” —Heimdall&lt;/i&gt;</property>
      <property name="Unique" value="True"/>
    </card>
    <card name="Hofund" id="c9c9899a-e4d2-412f-9dd0-dd6f3b006010">
      <property name="CardNumber" value="200610"/>
      <property name="Position" value="10"/>
      <property name="Quantity" value="1"/>
      <property name="Faction" value="hero"/>
      <property name="Type" value="upgrade"/>
      <property name="Owner" value="heimdall_by_jackhkp"/>
      <property name="Cost" value="1"/>
      <property name="Resource_Wild" value="1"/>
      <property name="Attribute" value="Asgard. Weapon."/>
      <property name="Text">While The Bifrost is on its [[opened]] side and Heimdall is in hero form, he gets +1 ATK.&lt;b&gt;
Hero Action&lt;/b&gt;: Exhaust this card and spend 1 resource of any type → flip The Bifrost.
&lt;i&gt;“I can always hear its call.” —Heimdall&lt;/i&gt;</property>
      <property name="Unique" value="True"/>
    </card>
    <card name="Shared Vision" id="c9c9899a-e4d2-412f-9dd0-dd6f3b006011">
      <property name="CardNumber" value="200611"/>
      <property name="Position" value="11"/>
      <property name="Quantity" value="3"/>
      <property name="Faction" value="hero"/>
      <property name="Type" value="upgrade"/>
      <property name="Owner" value="heimdall_by_jackhkp"/>
      <property name="Cost" value="0"/>
      <property name="Resource_Mental" value="1"/>
      <property name="Attribute" value="Condition."/>
      <property name="Text">Attach to a friendly character.
Temporary.
Attached character gets +2 THW.
&lt;b&gt;Interrupt&lt;/b&gt;: When the attached ally would take any amount of consequential damage, discard this card → prevent 1 of that damage.
&lt;i&gt;“See through NEW EYES." -Jane Foster&lt;/i&gt;</property>
    </card>
    <card name="The Bifrost" id="c9c9899a-e4d2-412f-9dd0-dd6f3b006012">
      <property name="CardNumber" value="200612a"/>
      <property name="Position" value="12"/>
      <property name="Quantity" value="1"/>
      <property name="Faction" value="hero"/>
      <property name="Type" value="support"/>
      <property name="Owner" value="heimdall_by_jackhkp"/>
      <property name="Cost" value="None"/>
      <property name="Attribute" value="Asgard. Closed. Location."/>
      <property name="Text">Permanent. Setup.
&lt;b&gt;Interrupt&lt;/b&gt;: When a minion would be revealed from a non-set aside area, give it to the villain as a facedown boost card instead (shuffle it into the encounter deck instead if it was an [[elite]] minion). Then, flip this card.</property>
      <property name="Unique" value="True"/>
      <alternate name="The Bifrost" type="b">
        <property name="CardNumber" value="200612b"/>
        <property name="Position" value="12"/>
        <property name="Quantity" value="1"/>
        <property name="Faction" value="hero"/>
        <property name="Type" value="support"/>
        <property name="Owner" value="heimdall_by_jackhkp"/>
        <property name="Cost" value="None"/>
        <property name="Attribute" value="Asgard. Location. Opened."/>
        <property name="Text">Permanent.
The first minion revealed each round gains quickstrike.
&lt;b&gt;Hero Action&lt;/b&gt;: Exhaust this card → search your deck for an [[asgard]] ally (any ally instead if you also exhaust Hofund) and add it to your hand.</property>
        <property name="Unique" value="True"/>
      </alternate>
    </card>
    <card name="Overloaded Senses" id="c9c9899a-e4d2-412f-9dd0-dd6f3b006013" size="EncounterCard">
      <property name="DefaultSetupPile" value="Nemesis"/>
      <property name="CardNumber" value="200613"/>
      <property name="Position" value="13"/>
      <property name="Quantity" value="1"/>
      <property name="Faction" value="encounter"/>
      <property name="Type" value="obligation"/>
      <property name="Owner" value="heimdall_by_jackhkp"/>
      <property name="Boost" value="2"/>
      <property name="Text">Treat the printed text box of your identity and each of your [[superpower]] upgrades as if they were blank (except for [[traits]]).
&lt;b&gt;Alter-Ego Action&lt;/b&gt;: Exhaust Heimdall → remove Overloaded Senses from the game.</property>
    </card>
    <card name="Judgement of All Gods" id="c9c9899a-e4d2-412f-9dd0-dd6f3b006014" size="SchemeCard">
      <property name="CardNumber" value="200614"/>
      <property name="Position" value="14"/>
      <property name="Quantity" value="1"/>
      <property name="Faction" value="encounter"/>
      <property name="Type" value="side_scheme"/>
      <property name="Owner" value="heimdall_by_jackhkp_nemesis"/>
      <property name="Boost" value="3"/>
      <property name="BaseThreat" value="3"/>
      <property name="BaseThreatFixed" value="False"/>
      <property name="EscalationThreatFixed" value="False"/>
      <property name="Text">&lt;i&gt;Mangog was unleashed once again and raged that he would bring about the ultimate judgment upon the Asgardians.
&lt;/i&gt;Supports cannot ready. The Bifrost cannot be flipped to its [[closed]] side.&lt;b&gt;
When Revealed&lt;/b&gt;: Exhaust each support. Flip The Bifrost to its [[opened]] side.
[amplify]</property>
    </card>
    <card name="Mangog" id="c9c9899a-e4d2-412f-9dd0-dd6f3b006015" size="EncounterCard">
      <property name="CardNumber" value="200615"/>
      <property name="Position" value="15"/>
      <property name="Quantity" value="1"/>
      <property name="Faction" value="encounter"/>
      <property name="Type" value="minion"/>
      <property name="Owner" value="heimdall_by_jackhkp_nemesis"/>
      <property name="Attack" value="3"/>
      <property name="Scheme" value="0"/>
      <property name="Boost" value="3"/>
      <property name="HP" value="8"/>
      <property name="Attribute" value="Brute. Elite."/>
      <property name="Text">Mangog entering play cannot be canceled.
Triggered ability on The Bifrost cannot be resolved.
[star]Mangog gets +1 ATK for each [[asgard]] character you control.
&lt;i&gt;(Heimdall's nemesis minion.)
"Time for Gods to die screaming and wailing!"&lt;/i&gt;</property>
      <property name="Unique" value="True"/>
    </card>
    <card name="Kingdom In Ruin" id="c9c9899a-e4d2-412f-9dd0-dd6f3b006016" size="EncounterCard">
      <property name="CardNumber" value="200616"/>
      <property name="Position" value="16"/>
      <property name="Quantity" value="2"/>
      <property name="Faction" value="encounter"/>
      <property name="Type" value="treachery"/>
      <property name="Owner" value="heimdall_by_jackhkp_nemesis"/>
      <property name="Text">&lt;b&gt;When Revealed&lt;/b&gt;: Choose to either discard a support you control or take 1+X indirect damage, where X is equal to the printed cost of the support you control with the highest cost. Otherwise, this card gains surge.&lt;i&gt;
&lt;/i&gt;
&lt;i&gt;
&lt;/i&gt;[star]&lt;b&gt;Boost&lt;/b&gt;: Deal 2 damage to an ally you control.</property>
    </card>
    <card name="Unquenchable Rage" id="c9c9899a-e4d2-412f-9dd0-dd6f3b006017" size="EncounterCard">
      <property name="CardNumber" value="200617"/>
      <property name="Position" value="17"/>
      <property name="Quantity" value="1"/>
      <property name="Faction" value="encounter"/>
      <property name="Type" value="treachery"/>
      <property name="Owner" value="heimdall_by_jackhkp_nemesis"/>
      <property name="Boost" value="1"/>
      <property name="Text">&lt;b&gt;When Revealed&lt;/b&gt;: Find the Mangog minion and put him into play engaged with you. Then, Mangog attacks an ally you control (attacks you with +1 ATK instead if you do not control any ally). &lt;i&gt;
&lt;/i&gt;
&lt;i&gt;
&lt;/i&gt;[star]&lt;b&gt; Boost&lt;/b&gt;: Mangog attacks you after this activation.</property>
    </card>
  </cards>
</set>
