<?xml version='1.0' encoding='utf-8' standalone='yes'?>
<set name="Heimdall" id="c9c9899a-e4d2-412f-9dd0-dd6f3b2108cf" gameId="055c536f-adba-4bc2-acbf-9aefb9756046" gameVersion="0.0.0.0" version="1.0.0.0">
  <cards>
    <card id="c9c9899a-e4d2-412f-9dd0-dd6f3b000000" name="heimdall_by_jackhkp">
      <property name="Type" value="fm_hero_setup"/>
      <property name="Owner" value="heimdall_by_jackhkp"/>
    </card>
    <card id="c9c9899a-e4d2-412f-9dd0-dd6f3b990000" name="heimdall_by_jackhkp">
      <property name="Type" value="fm_encounter_setup"/>
      <property name="Owner" value="heimdall_by_jackhkp_nemesis"/>
    </card>
  </cards>
</set>
