<?xml version='1.0' encoding='utf-8' standalone='yes'?>
<set name="The Punisher" id="f909454d-57e7-4b92-b698-4eb76860135d" gameId="055c536f-adba-4bc2-acbf-9aefb9756046" gameVersion="0.0.0.0" version="1.0.0.0">
  <cards>
    <card id="f909454d-57e7-4b92-b698-4eb768000000" name="the_punisher_by_odysseus">
      <property name="Type" value="fm_hero_setup"/>
      <property name="Owner" value="the_punisher"/>
    </card>
    <card id="f909454d-57e7-4b92-b698-4eb768990000" name="the_punisher_by_odysseus">
      <property name="Type" value="fm_encounter_setup"/>
      <property name="Owner" value="the_punisher_nemesis"/>
    </card>
    <card name="The Punisher" id="f909454d-57e7-4b92-b698-4eb768053001">
      <property name="CardNumber" value="205301a"/>
      <property name="Position" value="1"/>
      <property name="Quantity" value="1"/>
      <property name="Faction" value="hero"/>
      <property name="Type" value="hero"/>
      <property name="Owner" value="the_punisher"/>
      <property name="HandSize" value="5"/>
      <property name="Thwart" value="1"/>
      <property name="Attack" value="2"/>
      <property name="Defense" value="2"/>
      <property name="HP" value="10"/>
      <property name="Attribute" value="Defender. Soldier."/>
      <property name="Text">&lt;i&gt;Vigilante Justice&lt;/i&gt; — &lt;b&gt;Resource&lt;/b&gt;: Generate a [wild] resource for an [[ATTACK]] event. (Limit once per phase.)</property>
      <property name="Quote">"I'm the last thing you're ever gonna see."</property>
      <property name="Unique" value="True"/>
      <alternate name="Frank Castle" type="b">
        <property name="CardNumber" value="205301b"/>
        <property name="Position" value="1"/>
        <property name="Quantity" value="1"/>
        <property name="Faction" value="hero"/>
        <property name="Type" value="alter_ego"/>
        <property name="Owner" value="the_punisher"/>
        <property name="HandSize" value="5"/>
        <property name="Recovery" value="3"/>
        <property name="HP" value="10"/>
        <property name="Attribute" value="Soldier."/>
        <property name="Text">&lt;i&gt;Setup&lt;/i&gt;: Put The Skull upgrade into play.
You may include [[ATTACK]] events from any aspect in your deck.
&lt;i&gt;Punisher's Arsenal&lt;/i&gt; — &lt;b&gt;Action&lt;/b&gt;: Discard cards from your deck until you discard an [[ATTACK]] event. Add it to your hand.</property>
        <property name="Unique" value="True"/>
      </alternate>
    </card>
    <card name="The Skull" id="f909454d-57e7-4b92-b698-4eb768053002">
      <property name="CardNumber" value="205302"/>
      <property name="Position" value="2"/>
      <property name="Quantity" value="1"/>
      <property name="Faction" value="hero"/>
      <property name="Type" value="upgrade"/>
      <property name="Owner" value="the_punisher"/>
      <property name="Cost" value="None"/>
      <property name="Resource_Mental" value="1"/>
      <property name="Attribute" value="Symbol."/>
      <property name="Text">Permanent.
&lt;b&gt;Hero Response&lt;/b&gt;: After you play an [[ATTACK]] event, remove 1 threat from a scheme.</property>
      <property name="Quote">"You cannot run from me. You cannot hide from me. I will bring justice for the ones you wronged."</property>
    </card>
    <card name="Cleaning the Streets" id="f909454d-57e7-4b92-b698-4eb768053003">
      <property name="CardNumber" value="205303"/>
      <property name="Position" value="3"/>
      <property name="Quantity" value="3"/>
      <property name="Faction" value="hero"/>
      <property name="Type" value="event"/>
      <property name="Owner" value="the_punisher"/>
      <property name="Cost" value="2"/>
      <property name="Resource_Physical" value="1"/>
      <property name="Attribute" value="Attack. Thwart."/>
      <property name="Text">&lt;b&gt;Action&lt;/b&gt; &lt;i&gt;(attack/thwart)&lt;/i&gt;: Deal 3 damage to an enemy. Then, remove 1 threat from a scheme for each damage dealt this way.</property>
      <property name="Quote">"Scum." —Punisher</property>
    </card>
    <card name="Dramatic Entrance" id="f909454d-57e7-4b92-b698-4eb768053004">
      <property name="CardNumber" value="205304"/>
      <property name="Position" value="4"/>
      <property name="Quantity" value="2"/>
      <property name="Faction" value="hero"/>
      <property name="Type" value="event"/>
      <property name="Owner" value="the_punisher"/>
      <property name="Cost" value="1"/>
      <property name="Resource_Energy" value="1"/>
      <property name="Attribute" value="Attack."/>
      <property name="Text">&lt;b&gt;Hero Response&lt;/b&gt; &lt;i&gt;(attack)&lt;/i&gt;: After you change to hero form, deal 3 damage to an enemy. If this is the first card you played this phase, stun or confuse that enemy.</property>
      <property name="Quote">"Knock-knock... time to die." —Punisher</property>
    </card>
    <card name="Guns Blazing" id="f909454d-57e7-4b92-b698-4eb768053005">
      <property name="CardNumber" value="205305"/>
      <property name="Position" value="5"/>
      <property name="Quantity" value="3"/>
      <property name="Faction" value="hero"/>
      <property name="Type" value="event"/>
      <property name="Owner" value="the_punisher"/>
      <property name="Cost" value="2"/>
      <property name="Resource_Energy" value="1"/>
      <property name="Attribute" value="Attack."/>
      <property name="Text">&lt;b&gt;Hero Action&lt;/b&gt; &lt;i&gt;(attack)&lt;/i&gt;: Make the following three attacks in order:
• Deal 1 damage to an enemy.
• Deal 1 damage to an enemy.
• Deal 1 damage to an enemy.</property>
      <property name="Quote">"Only one way to cure a criminal."</property>
    </card>
    <card name="Personal War" id="f909454d-57e7-4b92-b698-4eb768053006">
      <property name="CardNumber" value="205306"/>
      <property name="Position" value="6"/>
      <property name="Quantity" value="1"/>
      <property name="Faction" value="hero"/>
      <property name="Type" value="event"/>
      <property name="Owner" value="the_punisher"/>
      <property name="Cost" value="3"/>
      <property name="Resource_Mental" value="1"/>
      <property name="Attribute" value="Attack."/>
      <property name="Text">&lt;b&gt;Hero Action&lt;/b&gt; &lt;i&gt;(attack)&lt;/i&gt;: Deal 5 damage to an enemy. If this attack defeats that enemy, deal 4 damage to an enemy. If this attack defeats that enemy, deal 3 damage to an enemy. If this attack defeats that enemy, deal 2 damage to an enemy. If this attack defeats that enemy, deal 1 damage to an enemy.</property>
    </card>
    <card name="Spare Ammo" id="f909454d-57e7-4b92-b698-4eb768053007">
      <property name="CardNumber" value="205307"/>
      <property name="Position" value="7"/>
      <property name="Quantity" value="2"/>
      <property name="Faction" value="hero"/>
      <property name="Type" value="resource"/>
      <property name="Owner" value="the_punisher"/>
      <property name="Cost" value="None"/>
      <property name="Resource_Wild" value="1"/>
      <property name="Text">&lt;b&gt;Hero Response&lt;/b&gt;: After you spend this card to pay for an [[ATTACK]] event, draw 1 card.</property>
      <property name="Quote">"Don't worry. I've enough for everyone." —Punisher</property>
    </card>
    <card name="Battle Van" id="f909454d-57e7-4b92-b698-4eb768053008">
      <property name="CardNumber" value="205308"/>
      <property name="Position" value="8"/>
      <property name="Quantity" value="1"/>
      <property name="Faction" value="hero"/>
      <property name="Type" value="support"/>
      <property name="Owner" value="the_punisher"/>
      <property name="Cost" value="1"/>
      <property name="Resource_Energy" value="1"/>
      <property name="Attribute" value="Vehicle."/>
      <property name="Text">Frank Castle gets +2 REC.
&lt;b&gt;Response&lt;/b&gt;: After you spend a Spare Ammo card as a resource, attach it to this card.
&lt;b&gt;Alter-Ego Action&lt;/b&gt;: Add each card attached here to your hand.</property>
    </card>
    <card name="Body Armor" id="f909454d-57e7-4b92-b698-4eb768053009">
      <property name="CardNumber" value="205309"/>
      <property name="Position" value="9"/>
      <property name="Quantity" value="1"/>
      <property name="Faction" value="hero"/>
      <property name="Type" value="upgrade"/>
      <property name="Owner" value="the_punisher"/>
      <property name="Cost" value="2"/>
      <property name="Resource_Physical" value="1"/>
      <property name="Attribute" value="Armor."/>
      <property name="Text">&lt;b&gt;Hero Interrupt&lt;/b&gt;: When you would take any amount of damage, reduce damage taken by 1 (to a minimum of 1).</property>
      <property name="Quote">"He's still comin! How's dat possible? He's not human!!!" —Random Mook</property>
    </card>
    <card name="Combat Specialist" id="f909454d-57e7-4b92-b698-4eb768053010">
      <property name="CardNumber" value="205310"/>
      <property name="Position" value="10"/>
      <property name="Quantity" value="1"/>
      <property name="Faction" value="hero"/>
      <property name="Type" value="upgrade"/>
      <property name="Owner" value="the_punisher"/>
      <property name="Cost" value="3"/>
      <property name="Resource_Physical" value="1"/>
      <property name="Attribute" value="Skill."/>
      <property name="Text">&lt;b&gt;Interrupt&lt;/b&gt;: When you play an [[ATTACK]] event, increase the amount of damage that event deals by 1 and it gains ranged.</property>
      <property name="Quote">"He's the second best at what he does." —Wolverine</property>
    </card>
    <card name="Unstoppable" id="f909454d-57e7-4b92-b698-4eb768053011">
      <property name="CardNumber" value="205311"/>
      <property name="Position" value="11"/>
      <property name="Quantity" value="1"/>
      <property name="Faction" value="hero"/>
      <property name="Type" value="upgrade"/>
      <property name="Owner" value="the_punisher"/>
      <property name="Cost" value="1"/>
      <property name="Resource_Physical" value="1"/>
      <property name="Attribute" value="Skill."/>
      <property name="Text">You cannot be stunned.
&lt;b&gt;Action&lt;/b&gt;: Discard this card → heal damage from your identity equal to [[ATTACK]] events in your discard pile.</property>
      <property name="Quote">"He just keeps coming! He's not human!" —Maggia Goon</property>
    </card>
    <card name="Dealing with the Law" id="f909454d-57e7-4b92-b698-4eb768053012" size="EncounterCard">
      <property name="DefaultSetupPile" value="Nemesis"/>
      <property name="CardNumber" value="205312"/>
      <property name="Position" value="12"/>
      <property name="Quantity" value="1"/>
      <property name="Faction" value="encounter"/>
      <property name="Type" value="obligation"/>
      <property name="Owner" value="the_punisher"/>
      <property name="Boost" value="2"/>
      <property name="Text">&lt;b&gt;Give to the Frank Castle player.&lt;/b&gt;
You may flip to alter-ego form. Choose:
• Exhaust Frank Castle → remove Dealing with the Law from the game.
• Discard all [[ATTACK]] cards from your hand. If no [[ATTACK]] cards were discarded this way, this obligation gains surge. Discard this obligation.</property>
    </card>
    <card name="Underworld Dealings" id="f909454d-57e7-4b92-b698-4eb768053013" size="SchemeCard">
      <property name="CardNumber" value="205313"/>
      <property name="Position" value="13"/>
      <property name="Quantity" value="1"/>
      <property name="Faction" value="encounter"/>
      <property name="Type" value="side_scheme"/>
      <property name="Owner" value="the_punisher_nemesis"/>
      <property name="Boost" value="2"/>
      <property name="BaseThreat" value="2"/>
      <property name="BaseThreatFixed" value="False"/>
      <property name="EscalationThreatFixed" value="False"/>
      <property name="Text">"While superhuman villains rampage on the streets, the criminal underworld is bustling with activity."
Threat may not be removed from this scheme, while there are [[CRIMINAL]] minions in play.
[acceleration]</property>
    </card>
    <card name="Jigsaw" id="f909454d-57e7-4b92-b698-4eb768053014" size="EncounterCard">
      <property name="CardNumber" value="205314"/>
      <property name="Position" value="14"/>
      <property name="Quantity" value="1"/>
      <property name="Faction" value="encounter"/>
      <property name="Type" value="minion"/>
      <property name="Owner" value="the_punisher_nemesis"/>
      <property name="Attack" value="2"/>
      <property name="Scheme" value="2"/>
      <property name="Boost" value="2"/>
      <property name="HP" value="5"/>
      <property name="Attribute" value="Criminal. Maniac."/>
      <property name="Text">Damage from attacks Jigsaw makes may not be reduced or prevented.
&lt;b&gt;Forced Interrupt&lt;/b&gt;: When Jigsaw would be defeated, shuffle him into the encounter deck instead.
&lt;i&gt;(Punisher's nemesis minion.)&lt;/i&gt;</property>
      <property name="Unique" value="True"/>
    </card>
    <card name="Barracuda" id="f909454d-57e7-4b92-b698-4eb768053015" size="EncounterCard">
      <property name="CardNumber" value="205315"/>
      <property name="Position" value="15"/>
      <property name="Quantity" value="1"/>
      <property name="Faction" value="encounter"/>
      <property name="Type" value="minion"/>
      <property name="Owner" value="the_punisher_nemesis"/>
      <property name="Attack" value="3"/>
      <property name="Scheme" value="1"/>
      <property name="HP" value="6"/>
      <property name="Attribute" value="Criminal."/>
      <property name="Text">&lt;b&gt;Forced Response&lt;/b&gt;: After Barracuda schemes, deal 2 indirect damage to the player engaged with him.</property>
      <property name="Quote">"Pleasure to make yo godd*** acquaintance!"</property>
      <property name="Unique" value="True"/>
    </card>
    <card name="The Russian" id="f909454d-57e7-4b92-b698-4eb768053016" size="EncounterCard">
      <property name="CardNumber" value="205316"/>
      <property name="Position" value="16"/>
      <property name="Quantity" value="1"/>
      <property name="Faction" value="encounter"/>
      <property name="Type" value="minion"/>
      <property name="Owner" value="the_punisher_nemesis"/>
      <property name="Attack" value="2"/>
      <property name="Scheme" value="1"/>
      <property name="HP" value="5"/>
      <property name="Attribute" value="Criminal."/>
      <property name="Text">Toughness.
&lt;b&gt;Forced Response&lt;/b&gt;: After any amount of encounter cards are dealt to you, deal an additional encounter card to you.</property>
      <property name="Quote">"You chill there, big boy. I go find something else to hit you with."</property>
      <property name="Unique" value="True"/>
    </card>
    <card name="Detained" id="f909454d-57e7-4b92-b698-4eb768053017" size="EncounterCard">
      <property name="CardNumber" value="205317"/>
      <property name="Position" value="17"/>
      <property name="Quantity" value="1"/>
      <property name="Faction" value="encounter"/>
      <property name="Type" value="attachment"/>
      <property name="Owner" value="the_punisher_nemesis"/>
      <property name="Boost" value="1"/>
      <property name="Text">Attach to your identity card.
Your hero may not attack, thwart or defend.
&lt;b&gt;Alter Ego Action&lt;/b&gt;: Discard an event card → discard this attachment.</property>
    </card>
  </cards>
</set>
