<?xml version='1.0' encoding='utf-8' standalone='yes'?>
<set name="Mighty Thor" id="a9f65411-f86b-48a8-bcac-0564be7f1ab9" gameId="055c536f-adba-4bc2-acbf-9aefb9756046" gameVersion="0.0.0.0" version="1.0.0.0">
  <cards>
    <card id="a9f65411-f86b-48a8-bcac-0564be000000" name="mighty_thor_by_rainy">
      <property name="Type" value="fm_hero_setup"/>
      <property name="Owner" value="mighty_thor_by_rainy"/>
    </card>
    <card id="a9f65411-f86b-48a8-bcac-0564be990000" name="mighty_thor_by_rainy">
      <property name="Type" value="fm_encounter_setup"/>
      <property name="Owner" value="mighty_thor_by_rainy_nemesis"/>
    </card>
  </cards>
</set>
