<?xml version='1.0' encoding='utf-8' standalone='yes'?>
<set name="King In Black" id="f8fe0d39-7068-4fbd-9901-6ba095105f07" gameId="055c536f-adba-4bc2-acbf-9aefb9756046" gameVersion="0.0.0.0" version="1.0.0.0">
  <cards><card id="f8fe0d39-7068-4fbd-9901-6ba095900001" name="Carnage">
        <property name="Type" value="fm_villain_setup"/>
        <property name="Owner" value="carnage_by_ekaugust"/>
        <property name="nbModular" value="1"/>
        <property name="recommendedModular" value="{'cult_of_carnage_by_ekaugust':['Cult of Carnage', 'Encounter', False]}"/>
        <property name="mandatoryModular" value="{'symbiotic_cruelty_by_ekaugust':['Symbiotic Cruelty', 'Encounter', False]}"/>
    </card>
   
<card name="Carnage" id="f8fe0d39-7068-4fbd-9901-6ba095003033" size="VillainCard"><property name="CardNumber" value="500333"/><property name="Position" value="33"/><property name="Quantity" value="1"/><property name="Faction" value="encounter"/><property name="DefaultSetupPile" value="Villain"/><property name="Type" value="villain"/><property name="Owner" value="carnage_by_ekagust"/><property name="Stage" value="1"/><property name="Standard" value="True"/><property name="Expert" value="False"/><property name="Attack" value="2"/><property name="Scheme" value="1"/><property name="HP" value="13"/><property name="HP_Per_Hero" value="True"/><property name="Attribute" value="Criminal. Symbiote."/><property name="Text">&lt;b&gt;When Revealed&lt;/b&gt;: Each Player finds a copy of Carnage Spawn and reveals it.
[star] &lt;b&gt;Forced response&lt;/b&gt;: After Carnage attacks and damages you, heal damage from Carnage equal to the number of attachments attached to him.</property><property name="Quote">&lt;i&gt;"I am the ultimate Insanity! I am Carnage!"&lt;/i&gt;</property><property name="Unique" value="True"/></card><card name="Carnage" id="f8fe0d39-7068-4fbd-9901-6ba095003034" size="VillainCard"><property name="CardNumber" value="500334"/><property name="Position" value="34"/><property name="Quantity" value="1"/><property name="Faction" value="encounter"/><property name="DefaultSetupPile" value="Villain"/><property name="Type" value="villain"/><property name="Owner" value="carnage_by_ekaugust"/><property name="Stage" value="2"/><property name="Standard" value="True"/><property name="Expert" value="True"/><property name="Attack" value="2"/><property name="Scheme" value="2"/><property name="HP" value="15"/><property name="HP_Per_Hero" value="True"/><property name="Attribute" value="Criminal. Symbiote."/><property name="Text">&lt;b&gt;When Revealed:&lt;/b&gt; Find a copy of the Absolute Carnage side scheme and reveal it.
&lt;b&gt;[star] Forced response:&lt;/b&gt; After Carnage attacks and damages you, heal damage from Carnage equal to the number of attachments attached to him.</property><property name="Unique" value="True"/></card><card name="Carnage" id="f8fe0d39-7068-4fbd-9901-6ba095003035" size="VillainCard"><property name="CardNumber" value="500335"/><property name="Position" value="35"/><property name="Quantity" value="1"/><property name="Faction" value="encounter"/><property name="DefaultSetupPile" value="Villain"/><property name="Type" value="villain"/><property name="Owner" value="carnage_by_ekaugust"/><property name="Stage" value="3"/><property name="Standard" value="False"/><property name="Expert" value="True"/><property name="Attack" value="3"/><property name="Scheme" value="2"/><property name="HP" value="18"/><property name="HP_Per_Hero" value="True"/><property name="Attribute" value="Criminal. Symbiote."/><property name="Text">Toughness.
&lt;b&gt;When Revealed:&lt;/b&gt; Find a set-aside &lt;b&gt;&lt;i&gt;CODEX&lt;/i&gt;&lt;/b&gt; attachment and reveal it.
&lt;b&gt;[star] Forced response:&lt;/b&gt; After Carnage attacks and damages you, heal damage from Carnage equal to the number of attachments attached to him.</property><property name="Unique" value="True"/></card><card name="Rejoin the Hive" id="f8fe0d39-7068-4fbd-9901-6ba095003036" size="SchemeCard"><property name="CardNumber" value="500336a"/><property name="Position" value="36"/><property name="Quantity" value="1"/><property name="Faction" value="encounter"/><property name="DefaultSetupPile" value="Scheme"/><property name="Type" value="main_scheme"/><property name="Owner" value="carnage_by_ekaugust"/><property name="Stage" value="1"/><property name="BaseThreatFixed" value="False"/><property name="EscalationThreatFixed" value="False"/><property name="Text">&lt;b&gt;Contents:&lt;/b&gt; Carnage (I) and Carnage (II). (Carnage (II) and Carnage (III) instead for expert mode.) Carnage, Symbiotic Cruelity and Standard encounter sets. One modular encounter set (Cult of Carnage).&lt;b&gt;
Setup:&lt;/b&gt; Set each &lt;b&gt;&lt;i&gt;CODEX&lt;/i&gt;&lt;/b&gt; card aside.</property><property name="Quote">&lt;i&gt;The codexes are attached to the DNA of everyone who has ever worn a symbiote.&lt;/i&gt;</property><alternate name="Rejoin the Hive" type="b" size="SchemeCard"><property name="CardNumber" value="500336b"/><property name="Position" value="36"/><property name="Quantity" value="1"/><property name="Faction" value="encounter"/><property name="DefaultSetupPile" value="Scheme"/><property name="Type" value="main_scheme"/><property name="Owner" value="carnage_by_ekaugust"/><property name="Stage" value="1"/><property name="BaseThreat" value="2"/><property name="BaseThreatFixed" value="False"/><property name="Threat" value="8"/><property name="EscalationThreat" value="1"/><property name="EscalationThreatFixed" value="False"/><property name="Text">&lt;b&gt;Forced response:&lt;/b&gt; After resolving step 1 of the villain phase, place 1 symbiote counter here. Then, if there are at least 2 symbiote counters here, reveal a set-aside &lt;b&gt;&lt;i&gt;CODEX&lt;/i&gt;&lt;/b&gt; card and remove 2 symbiote counters from this card (find a &lt;b&gt;&lt;i&gt;CODEX&lt;/i&gt;&lt;/b&gt; card not in play instead, if there are no more set-aside &lt;b&gt;&lt;i&gt;CODEX&lt;/i&gt;&lt;/b&gt; cards.)
&lt;b&gt;If this scheme is completed, the players lose the game.&lt;/b&gt;</property></alternate></card><card name="Ghost rider's Codex" id="f8fe0d39-7068-4fbd-9901-6ba095003037" size="EncounterCard"><property name="CardNumber" value="500337"/><property name="Position" value="37"/><property name="Quantity" value="1"/><property name="Faction" value="encounter"/><property name="Type" value="attachment"/><property name="Owner" value="carnage_by_ekaugust"/><property name="Boost" value="3"/><property name="Attribute" value="Codex."/><property name="Text">Attach to Carnage.
[star] Carnage's attacks gain overkill.
&lt;b&gt;Hero Action:&lt;/b&gt; Spend a [energy] resource and place threat on the main scheme equal to the number of attachments attached to Carnage → discard this card.
[amplify]</property><property name="Unique" value="True"/></card><card name="Grendel's Codex" id="f8fe0d39-7068-4fbd-9901-6ba095003038" size="EncounterCard"><property name="CardNumber" value="500338"/><property name="Position" value="38"/><property name="Quantity" value="1"/><property name="Faction" value="encounter"/><property name="Type" value="attachment"/><property name="Owner" value="carnage_by_ekaugust"/><property name="Boost" value="1"/><property name="Attribute" value="Codex."/><property name="Text">Attach to Carnage.
Carnage's attacks gain retaliate 1.
&lt;b&gt;Hero Action:&lt;/b&gt; Spend a [physical] resource and take damage equal to the number of attachments attached to Carnage → discard this card.
[acceleration]</property><property name="Unique" value="True"/></card><card name="Scorn's Codex" id="f8fe0d39-7068-4fbd-9901-6ba095003039" size="EncounterCard"><property name="CardNumber" value="500339"/><property name="Position" value="39"/><property name="Quantity" value="1"/><property name="Faction" value="encounter"/><property name="Type" value="attachment"/><property name="Owner" value="carnage_by_ekaugust"/><property name="Boost" value="2"/><property name="Attribute" value="Codex."/><property name="Text">Attach to Carnage.
Reduce the amount of damage dealt to Carnage by 1.
&lt;b&gt;Hero Action:&lt;/b&gt; Spend a [mental] resource and discard cards from the top of your deck equal to the number of attachments attached to Carnage → discard this card.
[crisis]</property><property name="Unique" value="True"/></card><card name="Venom's Codex" id="f8fe0d39-7068-4fbd-9901-6ba095003040" size="EncounterCard"><property name="CardNumber" value="500340"/><property name="Position" value="40"/><property name="Quantity" value="1"/><property name="Faction" value="encounter"/><property name="Type" value="attachment"/><property name="Owner" value="carnage_by_ekaugust"/><property name="Boost" value="4"/><property name="Attribute" value="Codex."/><property name="Text">Attach to Carnage.
&lt;b&gt;Forced Interrupt:&lt;/b&gt; When Carnage attacks you, give him 1 additional facedown boost card.
&lt;b&gt;Hero Action:&lt;/b&gt; Exhaust your hero and deal yourself 1 facedown encounter card → discard this card.
[hazard]</property><property name="Unique" value="True"/></card><card name="Ravencroft Institute" id="f8fe0d39-7068-4fbd-9901-6ba095003041" size="EncounterCard"><property name="CardNumber" value="500341"/><property name="Position" value="41"/><property name="Quantity" value="1"/><property name="Faction" value="encounter"/><property name="Type" value="environment"/><property name="Owner" value="carnage_by_ekaugust"/><property name="Attribute" value="Location."/><property name="Text">Surge. Victory 1.
&lt;b&gt;Forced Response:&lt;/b&gt; After any amount of threat is placed on a scheme, discard the same number of cards from the top of the encounter deck.
&lt;b&gt;Alter-Ego Action:&lt;/b&gt; Search the discard pile for Doppelganger and reveal him → put this cad on the victory display.</property><property name="Unique" value="True"/></card><card name="Carnage Spawn" id="f8fe0d39-7068-4fbd-9901-6ba095003042" size="EncounterCard"><property name="CardNumber" value="500342"/><property name="Position" value="42"/><property name="Quantity" value="4"/><property name="Faction" value="encounter"/><property name="Type" value="minion"/><property name="Owner" value="carnage_by_ekaugust"/><property name="Attack" value="1"/><property name="Scheme" value="1"/><property name="HP" value="3"/><property name="Attribute" value="Symbiote."/><property name="Text">&lt;b&gt;When revealed:&lt;/b&gt; Discard the top card of your deck and the encounter deck.
&lt;b&gt;Forced Response:&lt;/b&gt; After Carnage Spawn attacks and damages you, discard the top card of your deck.
[star] &lt;b&gt;Boost&lt;/b&gt;: After this activation ends, reveal this card.</property></card><card name="Doppelganger" id="f8fe0d39-7068-4fbd-9901-6ba095003043" size="EncounterCard"><property name="CardNumber" value="500343"/><property name="Position" value="43"/><property name="Quantity" value="1"/><property name="Faction" value="encounter"/><property name="Type" value="minion"/><property name="Owner" value="carnage_by_ekaugust"/><property name="Attack" value="1"/><property name="Scheme" value="1"/><property name="Boost" value="2"/><property name="HP" value="8"/><property name="Attribute" value="Criminal. Cultist. Elite"/><property name="Text">Incite 2. Victory 2.
In expert mode, this card gets +1 SCH, +1 ATK, and gains quickstrike.
&lt;b&gt;When revealed:&lt;/b&gt; if Doppelganger is revealed by any way other than with Ravencroft Institute's "&lt;b&gt;Alter-Ego Action&lt;/b&gt;", discard him instead.</property><property name="Unique" value="True"/></card><card name="Absolute Carnage" id="f8fe0d39-7068-4fbd-9901-6ba095003044" size="SchemeCard"><property name="CardNumber" value="500344"/><property name="Position" value="44"/><property name="Quantity" value="2"/><property name="Faction" value="encounter"/><property name="Type" value="side_scheme"/><property name="Owner" value="carnage_by_ekaugust"/><property name="Boost" value="1"/><property name="BaseThreat" value="2"/><property name="BaseThreatFixed" value="False"/><property name="EscalationThreatFixed" value="False"/><property name="Text">&lt;b&gt;Symbiote&lt;/b&gt; character get +1 ATK.
[acceleration]
[star] &lt;b&gt;Boost:&lt;/b&gt; Give this enemy 1 additional boost card.</property><property name="Quote">&lt;i&gt;"Kill enough and I awake my God." -Carnage&lt;/i&gt;</property></card><card name="Collect the Codex" id="f8fe0d39-7068-4fbd-9901-6ba095003045" size="EncounterCard"><property name="CardNumber" value="500345"/><property name="Position" value="45"/><property name="Quantity" value="2"/><property name="Faction" value="encounter"/><property name="Type" value="treachery"/><property name="Owner" value="carnage_by_ekaugust"/><property name="Text">Incite X, where X is equal to Carnage's stage number.
&lt;b&gt;When revealed:&lt;/b&gt; Place 1 symbiote counter on the main scheme.
[star] &lt;b&gt;Boost:&lt;/b&gt; if this attack defeats an ally, reveal this card.</property><property name="Quote">&lt;i&gt;"Everyone is a target!" -Carnage&lt;/i&gt;</property></card><card name="Death's Grasp" id="f8fe0d39-7068-4fbd-9901-6ba095003046" size="EncounterCard"><property name="CardNumber" value="500346"/><property name="Position" value="46"/><property name="Quantity" value="2"/><property name="Faction" value="encounter"/><property name="Type" value="treachery"/><property name="Owner" value="carnage_by_ekaugust"/><property name="Boost" value="2"/><property name="Text">&lt;b&gt;When revealed (Alter-Ego):&lt;/b&gt; Discard an ally you control. If you do, place 1 symbiote counter on the main scheme. If no ally was discarded this way, this card gain surge.
&lt;b&gt;When revealed (Hero):&lt;/b&gt; Carnage attacks you.</property><property name="Quote">&lt;i&gt;"This is between you and me.. or at least it was..." -Carnage&lt;/i&gt;</property></card><card name="Dark Acolyte" id="f8fe0d39-7068-4fbd-9901-6ba095003047" size="EncounterCard"><property name="CardNumber" value="500347"/><property name="Position" value="47"/><property name="Quantity" value="4"/><property name="Faction" value="encounter"/><property name="Type" value="minion"/><property name="Owner" value="cult_of_carnage_by_ekaugust"/><property name="Scheme" value="1"/><property name="Boost" value="1"/><property name="HP" value="2"/><property name="Attribute" value="Cultist."/><property name="Text">[star] &lt;b&gt;Forced Interrupt:&lt;/b&gt; When Dark Acolyte would attack, it schemes instead.
&lt;b&gt;When Defeated:&lt;/b&gt; Place 1 threat on the main scheme.</property><property name="Quote">&lt;i&gt;"God is coming! God is coming! God is coming!" -Church of Darkness&lt;/i&gt;</property></card><card name="Demagoblin" id="f8fe0d39-7068-4fbd-9901-6ba095003048" size="EncounterCard"><property name="CardNumber" value="500348"/><property name="Position" value="48"/><property name="Quantity" value="1"/><property name="Faction" value="encounter"/><property name="Type" value="minion"/><property name="Owner" value="cult_of_carnage_by_ekaugust"/><property name="Attack" value="1"/><property name="Scheme" value="2"/><property name="Boost" value="2"/><property name="HP" value="4"/><property name="Attribute" value="Cultist. Symbiote."/><property name="Text">Patrol. Toughness.
&lt;b&gt;When Revealed:&lt;/b&gt; Choose to either place 2 threat among schemes or take 2 indirect damage among players (choose both instead, if there is another &lt;b&gt;&lt;i&gt;Cultist&lt;/i&gt;&lt;/b&gt; enemy in play).</property><property name="Unique" value="True"/></card><card name="Man-Wolf" id="f8fe0d39-7068-4fbd-9901-6ba095003049" size="EncounterCard"><property name="CardNumber" value="500349"/><property name="Position" value="49"/><property name="Quantity" value="1"/><property name="Faction" value="encounter"/><property name="Type" value="minion"/><property name="Owner" value="cult_of_carnage_by_ekaugust"/><property name="Attack" value="2"/><property name="Scheme" value="1"/><property name="Boost" value="2"/><property name="HP" value="5"/><property name="Attribute" value="Cultist. Symbiote."/><property name="Text">Guard. Toughness.
&lt;b&gt;When Revealed:&lt;/b&gt; Choose to either give Man-Wolf 1 facedown boost card or deal yourself 1 facedown encounter card (choose both instead, if there is another &lt;b&gt;&lt;i&gt;Cultist&lt;/i&gt;&lt;/b&gt; enemy in play).</property><property name="Unique" value="True"/></card><card name="Cult of Carnage" id="f8fe0d39-7068-4fbd-9901-6ba095003050" size="SchemeCard"><property name="CardNumber" value="500350"/><property name="Position" value="50"/><property name="Quantity" value="1"/><property name="Faction" value="encounter"/><property name="Type" value="side_scheme"/><property name="Owner" value="cult_of_carnage_by_ekaugust"/><property name="Boost" value="1"/><property name="BaseThreat" value="4"/><property name="BaseThreatFixed" value="True"/><property name="EscalationThreatFixed" value="False"/><property name="Text">&lt;b&gt;When Revealed:&lt;/b&gt; Each player discards cards from the top of the encounter deck until a minion is discarded. Then, they reveal that minion.
[crisis]</property><property name="Quote">&lt;i&gt;"God is coming! God is coming! God is coming!" -Church of Darkness&lt;/i&gt;</property></card><card name="God is Coming" id="f8fe0d39-7068-4fbd-9901-6ba095003051" size="EncounterCard"><property name="CardNumber" value="500351"/><property name="Position" value="51"/><property name="Quantity" value="2"/><property name="Faction" value="encounter"/><property name="Type" value="treachery"/><property name="Owner" value="cult_of_carnage_by_ekaugust"/><property name="Text">&lt;b&gt;When Revealed:&lt;/b&gt; Discard X cards from the top of your deck and the encounter deck, where X is equal to the number of &lt;b&gt;&lt;i&gt;Cultist&lt;/i&gt;&lt;/b&gt; enemies in play. If 2 or fewer cards were discarded from your deck this way, this cards gains surge.
[star] &lt;b&gt;Boost:&lt;/b&gt; If there is a &lt;b&gt;&lt;i&gt;Cultist&lt;/i&gt;&lt;/b&gt; enemy in play, reveal this card.</property></card><card name="Improvised Weapons" id="f8fe0d39-7068-4fbd-9901-6ba095003052" size="EncounterCard"><property name="CardNumber" value="500352"/><property name="Position" value="52"/><property name="Quantity" value="1"/><property name="Faction" value="encounter"/><property name="Type" value="attachment"/><property name="Owner" value="symbiotic_cruelty_by_ekaugust"/><property name="Boost" value="1"/><property name="Text">Attach to the villain.
[amplify]
&lt;b&gt;Hero Action:&lt;/b&gt; Spend [energy] [mental] [physical] resources → discard this card.</property></card><card name="Violent Edge" id="f8fe0d39-7068-4fbd-9901-6ba095003053" size="EncounterCard"><property name="CardNumber" value="500353"/><property name="Position" value="53"/><property name="Quantity" value="2"/><property name="Faction" value="encounter"/><property name="Type" value="attachment"/><property name="Owner" value="symbiotic_cruelty_by_ekaugust"/><property name="Boost" value="1"/><property name="Attribute" value="Weapon."/><property name="Text">Attach to the villain.
&lt;b&gt;When Revealed:&lt;/b&gt; Take 1 damage.
&lt;b&gt;Forced Interrupt:&lt;/b&gt; When the villain phase begins, choose a player to take 1 damage.
&lt;b&gt;Hero Action:&lt;/b&gt; Spend a [energy] resource → discard this card.
[star] &lt;b&gt;Boost:&lt;/b&gt; This attack gains piercing.</property></card><card name="Revel in Red" id="f8fe0d39-7068-4fbd-9901-6ba095003054" size="EncounterCard"><property name="CardNumber" value="500354"/><property name="Position" value="54"/><property name="Quantity" value="2"/><property name="Faction" value="encounter"/><property name="Type" value="treachery"/><property name="Owner" value="symbiotic_cruelty_by_ekaugust"/><property name="Boost" value="2"/><property name="Text">&lt;b&gt;When Revealed:&lt;/b&gt; Discard cards from the top of the encounter deck until an attachment is discarded. Reveal that card. If there is another attachment in play, take 2 damage.</property><property name="Quote">&lt;i&gt;"Being bad is so simple." -Carnage&lt;/i&gt;</property></card><card name="Superiority Complex" id="f8fe0d39-7068-4fbd-9901-6ba095003055" size="EncounterCard"><property name="CardNumber" value="500355"/><property name="Position" value="55"/><property name="Quantity" value="1"/><property name="Faction" value="encounter"/><property name="Type" value="treachery"/><property name="Owner" value="symbiotic_cruelty_by_ekaugust"/><property name="Boost" value="3"/><property name="Text">&lt;b&gt;When revealed:&lt;/b&gt; Choose X, where X is the villain's stage number:
° The villain schemes.
° This card gains surge.
° Take 2 indirect damage.
° Discard 1 card from your hand.</property><property name="Quote">&lt;i&gt;"You know my name... now scream it!" -Carnage&lt;/i&gt;</property></card></cards>
</set>
