<?xml version='1.0' encoding='utf-8' standalone='yes'?>
<set name="Firestar by blueHG" id="616b40dd-052c-455d-a2bd-fc8b4758a94a" gameId="055c536f-adba-4bc2-acbf-9aefb9756046" gameVersion="0.0.0.0" version="1.0.0.0">
  <cards>
    <card id="616b40dd-052c-455d-a2bd-fc8b47000000" name="firestar_by_bluehg">
      <property name="Type" value="fm_hero_setup"/>
      <property name="Owner" value="firestar_by_bluehg"/>
    </card>
    <card id="616b40dd-052c-455d-a2bd-fc8b47990000" name="firestar_by_bluehg">
      <property name="Type" value="fm_encounter_setup"/>
      <property name="Owner" value="firestar_by_bluehg_nemesis"/>
    </card>
    <card name="Firestar" id="616b40dd-052c-455d-a2bd-fc8b47058001">
      <property name="CardNumber" value="205801a"/>
      <property name="Position" value="1"/>
      <property name="Quantity" value="1"/>
      <property name="Faction" value="hero"/>
      <property name="Type" value="hero"/>
      <property name="Owner" value="firestar_by_bluehg"/>
      <property name="HandSize" value="5"/>
      <property name="Thwart" value="1"/>
      <property name="Attack" value="2"/>
      <property name="Defense" value="1"/>
      <property name="HP" value="10"/>
      <property name="Attribute" value="X-Men."/>
      <property name="Text">&lt;i&gt;Supercharge&lt;/i&gt; — &lt;b&gt;Interrupt&lt;/b&gt;: When you use a basic power, discard up to 4 cards from the top of your deck → if at least 1 [energy] or [wild] resource was discarded this way, you get +1 to that basic power for this use. (Limit once per phase.)</property>
      <property name="Unique" value="True"/>
      <alternate name="Angelica Jones" type="b">
        <property name="CardNumber" value="205801b"/>
        <property name="Position" value="1"/>
        <property name="Quantity" value="1"/>
        <property name="Faction" value="hero"/>
        <property name="Type" value="alter_ego"/>
        <property name="Owner" value="firestar_by_bluehg"/>
        <property name="HandSize" value="6"/>
        <property name="Recovery" value="3"/>
        <property name="HP" value="10"/>
        <property name="Attribute" value="Mutant."/>
        <property name="Text">&lt;i&gt;Schooling for the Gifted&lt;/i&gt; — &lt;b&gt;Action&lt;/b&gt;: Put a card from your discard pile on top of your deck. (Limit once per round.)</property>
        <property name="Quote">“I'm going to stand side by side with you to protect our right to live in this world.”</property>
        <property name="Unique" value="True"/>
      </alternate>
    </card>
    <card name="Justice" id="616b40dd-052c-455d-a2bd-fc8b47058002">
      <property name="CardNumber" value="205802"/>
      <property name="Position" value="2"/>
      <property name="Quantity" value="1"/>
      <property name="Faction" value="hero"/>
      <property name="Type" value="ally"/>
      <property name="Owner" value="firestar_by_bluehg"/>
      <property name="Thwart" value="1"/>
      <property name="ThwartCost" value="1"/>
      <property name="Attack" value="3"/>
      <property name="AttackCost" value="2"/>
      <property name="Cost" value="3"/>
      <property name="Resource_Mental" value="1"/>
      <property name="HP" value="3"/>
      <property name="Attribute" value="Avenger."/>
      <property name="Text">[star] &lt;b&gt;Response&lt;/b&gt;: After Justice uses a basic power, put an identity-specific card from your discard pile on top of your deck.</property>
      <property name="Quote">“I'm not giving up, Angelica.”</property>
      <property name="Unique" value="True"/>
    </card>
    <card name="Microwave Blast" id="616b40dd-052c-455d-a2bd-fc8b47058003">
      <property name="CardNumber" value="205803"/>
      <property name="Position" value="3"/>
      <property name="Quantity" value="3"/>
      <property name="Faction" value="hero"/>
      <property name="Type" value="event"/>
      <property name="Owner" value="firestar_by_bluehg"/>
      <property name="Cost" value="3"/>
      <property name="Resource_Physical" value="1"/>
      <property name="Attribute" value="Attack. Superpower."/>
      <property name="Text">&lt;b&gt;Hero Action&lt;/b&gt; &lt;i&gt;(attack)&lt;/i&gt;: Deal 5 damage to an enemy. Discard up to 4 cards from the top of your deck. For each [energy] or [wild] resource discarded as a part of this effect, this attack deals 1 additional damage. If 3 or more [energy] or [wild] icons were discarded, deal 1 damage to each minion engaged with you.</property>
    </card>
    <card name="Radiative Vision" id="616b40dd-052c-455d-a2bd-fc8b47058004">
      <property name="CardNumber" value="205804"/>
      <property name="Position" value="4"/>
      <property name="Quantity" value="2"/>
      <property name="Faction" value="hero"/>
      <property name="Type" value="event"/>
      <property name="Owner" value="firestar_by_bluehg"/>
      <property name="Cost" value="2"/>
      <property name="Resource_Mental" value="1"/>
      <property name="Attribute" value="Superpower. Thwart."/>
      <property name="Text">&lt;b&gt;Hero Action&lt;/b&gt; &lt;i&gt;(thwart)&lt;/i&gt;: Remove 3 threat from a scheme. Discard up to 4 cards from the top of your deck. For each [energy] or [wild] resource discarded this way, remove 1 threat from a scheme.</property>
      <property name="Quote">“I got this.”</property>
    </card>
    <card name="Ambient Microwaves" id="616b40dd-052c-455d-a2bd-fc8b47058005">
      <property name="CardNumber" value="205805"/>
      <property name="Position" value="5"/>
      <property name="Quantity" value="3"/>
      <property name="Faction" value="hero"/>
      <property name="Type" value="resource"/>
      <property name="Owner" value="firestar_by_bluehg"/>
      <property name="Resource_Energy" value="2"/>
      <property name="Text">&lt;b&gt;Interrupt&lt;/b&gt;: When you spend this card, shuffle it into your deck instead of discarding it.
&lt;b&gt;Hero Response&lt;/b&gt;: After this card is discarded from the top of your deck, ready Firestar.</property>
    </card>
    <card name="Clandestine Operative" id="616b40dd-052c-455d-a2bd-fc8b47058006">
      <property name="CardNumber" value="205806"/>
      <property name="Position" value="6"/>
      <property name="Quantity" value="2"/>
      <property name="Faction" value="hero"/>
      <property name="Type" value="upgrade"/>
      <property name="Owner" value="firestar_by_bluehg"/>
      <property name="Cost" value="1"/>
      <property name="Resource_Energy" value="1"/>
      <property name="Attribute" value="Tactic."/>
      <property name="Text">Max 1 per player.
Firestar gets +1 THW.
&lt;b&gt;Forced Response&lt;/b&gt;: After Firestar attacks, discard up to 4 cards from the top of your deck. For each [energy] or [wild] resource discarded this way, deal 1 damage to an enemy or remove 1 threat from a scheme. Discard Clandestine Operative.</property>
    </card>
    <card name="Once an Avenger..." id="616b40dd-052c-455d-a2bd-fc8b47058007">
      <property name="CardNumber" value="205807"/>
      <property name="Position" value="7"/>
      <property name="Quantity" value="1"/>
      <property name="Faction" value="hero"/>
      <property name="Type" value="upgrade"/>
      <property name="Owner" value="firestar_by_bluehg"/>
      <property name="Cost" value="1"/>
      <property name="Resource_Energy" value="1"/>
      <property name="Attribute" value="Title."/>
      <property name="Text">Firestar gains the &lt;b&gt;AVENGER&lt;/b&gt; trait.
&lt;b&gt;Hero Interrupt&lt;/b&gt;: After you defeat an enemy or a scheme, exhaust Once an Avenger... → put a resource card from your discard pile on top of your deck.</property>
    </card>
    <card name="Plasma Propulsion" id="616b40dd-052c-455d-a2bd-fc8b47058008">
      <property name="CardNumber" value="205808"/>
      <property name="Position" value="8"/>
      <property name="Quantity" value="1"/>
      <property name="Faction" value="hero"/>
      <property name="Type" value="upgrade"/>
      <property name="Owner" value="firestar_by_bluehg"/>
      <property name="Cost" value="2"/>
      <property name="Resource_Physical" value="1"/>
      <property name="Attribute" value="Superpower."/>
      <property name="Text">Firestar gets +1 DEF and gains retaliate 1 and the &lt;b&gt;AERIAL&lt;/b&gt; trait.
&lt;b&gt;Hero Interrupt&lt;/b&gt;: When you would discard cards from the top of your deck, exhaust Plasma Propulsion → you may discard up to 2 additional cards from the top of your deck.</property>
    </card>
    <card name="Solar Surge" id="616b40dd-052c-455d-a2bd-fc8b47058009">
      <property name="CardNumber" value="205809"/>
      <property name="Position" value="9"/>
      <property name="Quantity" value="1"/>
      <property name="Faction" value="hero"/>
      <property name="Type" value="upgrade"/>
      <property name="Owner" value="firestar_by_bluehg"/>
      <property name="Cost" value="2"/>
      <property name="Resource_Mental" value="1"/>
      <property name="Attribute" value="Superpower."/>
      <property name="Text">&lt;b&gt;Hero Interrupt&lt;/b&gt;: When you use Firestar's "Supercharge" ability, if you discard at least 1 [energy] and/or [wild] resource, you get an additional +1 to the chosen basic power for this use.</property>
    </card>
    <card name="Stellar Aura" id="616b40dd-052c-455d-a2bd-fc8b47058010">
      <property name="CardNumber" value="205810"/>
      <property name="Position" value="10"/>
      <property name="Quantity" value="1"/>
      <property name="Faction" value="hero"/>
      <property name="Type" value="upgrade"/>
      <property name="Owner" value="firestar_by_bluehg"/>
      <property name="Cost" value="3"/>
      <property name="Resource_Mental" value="1"/>
      <property name="Attribute" value="Superpower."/>
      <property name="Text">&lt;b&gt;Hero Resource&lt;/b&gt;: Exhaust Stellar Aura → generate the resources of the top resource card in your discard pile. Then, put that resource card on the bottom of your deck.</property>
    </card>
    <card name="Radiation Side Effects" id="616b40dd-052c-455d-a2bd-fc8b47058011" size="EncounterCard">
      <property name="DefaultSetupPile" value="Nemesis"/>
      <property name="CardNumber" value="205811"/>
      <property name="Position" value="11"/>
      <property name="Quantity" value="1"/>
      <property name="Faction" value="encounter"/>
      <property name="Type" value="obligation"/>
      <property name="Owner" value="firestar_by_bluehg"/>
      <property name="Boost" value="2"/>
      <property name="Text">&lt;b&gt;&lt;i&gt;Give to the Angelica Jones player.&lt;/i&gt;&lt;/b&gt;
You may flip to alter-ego form. Choose:
* Exhaust Angelica Jones and take 2 damage → remove Radiation Side Effects from the game.
* Take 3 damage. Discard this obligation.</property>
    </card>
    <card name="Subverting Propaganda" id="616b40dd-052c-455d-a2bd-fc8b47058012" size="SchemeCard">
      <property name="CardNumber" value="205812"/>
      <property name="Position" value="12"/>
      <property name="Quantity" value="1"/>
      <property name="Faction" value="encounter"/>
      <property name="Type" value="side_scheme"/>
      <property name="Owner" value="firestar_by_bluehg_nemesis"/>
      <property name="Boost" value="3"/>
      <property name="BaseThreat" value="4"/>
      <property name="BaseThreatFixed" value="False"/>
      <property name="EscalationThreatFixed" value="False"/>
      <property name="Text">&lt;i&gt;Judas Traveller's incessant propaganda is inciting violence. Firestar can't blow her cover until she's sabotaged his operation.&lt;/i&gt;
Firestar cannot attack.
&lt;b&gt;Interrupt&lt;/b&gt;: When Firestar would thwart this scheme, remove 1 additional threat from here.</property>
    </card>
    <card name="Judas Traveller" id="616b40dd-052c-455d-a2bd-fc8b47058013" size="EncounterCard">
      <property name="CardNumber" value="205813"/>
      <property name="Position" value="13"/>
      <property name="Quantity" value="1"/>
      <property name="Faction" value="encounter"/>
      <property name="Type" value="minion"/>
      <property name="Owner" value="firestar_by_bluehg_nemesis"/>
      <property name="Attack" value="1"/>
      <property name="Scheme" value="3"/>
      <property name="Boost" value="2"/>
      <property name="HP" value="4"/>
      <property name="Attribute" value="Orchis."/>
      <property name="Text">&lt;b&gt;Forced Interrupt&lt;/b&gt;: When Firestar attacks, Judas Traveler activates.
&lt;i&gt;(Firestar's nemesis minion.)&lt;/i&gt;</property>
      <property name="Quote">“Every word out of his mouth makes my skin crawl.” —Firestar</property>
      <property name="Unique" value="True"/>
    </card>
    <card name="Keeping Up Appearances" id="616b40dd-052c-455d-a2bd-fc8b47058014" size="EncounterCard">
      <property name="CardNumber" value="205814"/>
      <property name="Position" value="14"/>
      <property name="Quantity" value="3"/>
      <property name="Faction" value="encounter"/>
      <property name="Type" value="attachment"/>
      <property name="Owner" value="firestar_by_bluehg_nemesis"/>
      <property name="Boost" value="2"/>
      <property name="Attribute" value="Weapon."/>
      <property name="Text">Attach to Firestar or Angelica Jones.
&lt;b&gt;Forced Interrupt&lt;/b&gt;: When Firestar would attack, deal that damage to a friendly character instead. Discard this card.</property>
      <property name="Quote">“Surrender. By order of Orchis.” —Firestar</property>
    </card>
  </cards>
</set>
