<?xml version='1.0' encoding='utf-8' standalone='yes'?>
<set name="Blue Marvel" id="e2cb5690-df32-4c1d-94f0-0d65a685b669" gameId="055c536f-adba-4bc2-acbf-9aefb9756046" gameVersion="0.0.0.0" version="1.0.0.0">
  <cards>
    <card id="e2cb5690-df32-4c1d-94f0-0d65a6000000" name="blue_marvel_by_rainy">
      <property name="Type" value="fm_hero_setup"/>
      <property name="Owner" value="blue_marvel_by_rainy"/>
    </card>
    <card id="e2cb5690-df32-4c1d-94f0-0d65a6990000" name="blue_marvel_by_rainy">
      <property name="Type" value="fm_encounter_setup"/>
      <property name="Owner" value="blue_marvel_by_rainy_nemesis"/>
    </card>
    <card name="Blue Marvel" id="e2cb5690-df32-4c1d-94f0-0d65a6038001">
      <property name="CardNumber" value="203801a"/>
      <property name="Position" value="1"/>
      <property name="Quantity" value="1"/>
      <property name="Faction" value="hero"/>
      <property name="Type" value="hero"/>
      <property name="Owner" value="blue_marvel_by_rainy"/>
      <property name="HandSize" value="3"/>
      <property name="Thwart" value="2"/>
      <property name="Attack" value="2"/>
      <property name="Defense" value="2"/>
      <property name="HP" value="16"/>
      <property name="Attribute" value="Aerial. Avenger. Soldier."/>
      <property name="Text">&lt;i&gt;Living Antimatter Reactor&lt;/i&gt; — &lt;b&gt;Resource&lt;/b&gt;: Generate a [energy] resource. (Limit once per phase).
&lt;i&gt;“I'd do whatever is right, wherever and whenever it needs to be done - and I wouldn't care what anyone thinks. Not anymore.”&lt;/i&gt;</property>
      <property name="Unique" value="True"/>
      <alternate name="Adam Brashear" type="b">
        <property name="CardNumber" value="203801b"/>
        <property name="Position" value="1"/>
        <property name="Quantity" value="1"/>
        <property name="Faction" value="hero"/>
        <property name="Type" value="alter_ego"/>
        <property name="Owner" value="blue_marvel_by_rainy"/>
        <property name="HandSize" value="4"/>
        <property name="Recovery" value="4"/>
        <property name="HP" value="16"/>
        <property name="Attribute" value="Genius. Scientist. Soldier."/>
        <property name="Text">&lt;b&gt;Setup&lt;/b&gt;: Put the Matter Manipulation upgrade into play.&lt;i&gt;
Prepared&lt;/i&gt; — &lt;b&gt;Action&lt;/b&gt;: Choose a Blue Marvel card in your discard pile and place it on the top of your deck. (Limit once per round.)</property>
        <property name="Unique" value="True"/>
      </alternate>
    </card>
    <card name="Matter Manipulation" id="e2cb5690-df32-4c1d-94f0-0d65a6038002">
      <property name="CardNumber" value="203802"/>
      <property name="Position" value="2"/>
      <property name="Quantity" value="1"/>
      <property name="Faction" value="hero"/>
      <property name="Type" value="upgrade"/>
      <property name="Owner" value="blue_marvel_by_rainy"/>
      <property name="Cost" value="None"/>
      <property name="Resource_Physical" value="1"/>
      <property name="Attribute" value="Superpower."/>
      <property name="Text">Permanent. Setup.&lt;b&gt;
Hero Interrupt&lt;/b&gt;: When you overpay for a card, Blue Marvel gets +1 THW, +1 ATK, and +1 DEF until the end of the round. (Limit twice per round.)&lt;i&gt;&lt;/i&gt;</property>
    </card>
    <card name="Spectrum" id="e2cb5690-df32-4c1d-94f0-0d65a6038003">
      <property name="CardNumber" value="203803"/>
      <property name="Position" value="3"/>
      <property name="Quantity" value="1"/>
      <property name="Faction" value="hero"/>
      <property name="Type" value="ally"/>
      <property name="Owner" value="blue_marvel_by_rainy"/>
      <property name="Thwart" value="2"/>
      <property name="ThwartCost" value="1"/>
      <property name="Attack" value="2"/>
      <property name="AttackCost" value="1"/>
      <property name="Cost" value="2"/>
      <property name="Resource_Wild" value="1"/>
      <property name="HP" value="2"/>
      <property name="Attribute" value="Aerial. Avenger."/>
      <property name="Text">[star] Spectrum gets +1 hit point for each energy counter on her.
&lt;b&gt;Interrupt&lt;/b&gt;: When Spectrum enters play, place 1 energy counter on her (to a maximum of 3) for each resource you overpaid for Spectrum's cost.
&lt;i&gt;“The name is Monica, or Spectrum if you're nasty.”&lt;/i&gt;</property>
      <property name="Unique" value="True"/>
    </card>
    <card name="Anti-Matter Forcefield" id="e2cb5690-df32-4c1d-94f0-0d65a6038004">
      <property name="CardNumber" value="203804"/>
      <property name="Position" value="4"/>
      <property name="Quantity" value="3"/>
      <property name="Faction" value="hero"/>
      <property name="Type" value="event"/>
      <property name="Owner" value="blue_marvel_by_rainy"/>
      <property name="Cost" value="1"/>
      <property name="Resource_Energy" value="1"/>
      <property name="Attribute" value="Defense. Superpower."/>
      <property name="Text">&lt;b&gt;Hero Interrupt &lt;/b&gt;&lt;i&gt;(defense)&lt;/i&gt;: When you would take damage from an enemy attack, prevent all of that damage. If you overpaid for this card, deal that much damage to your attacker.
&lt;i&gt;“Don't try it!”&lt;/i&gt;</property>
    </card>
    <card name="Cosmic Awareness" id="e2cb5690-df32-4c1d-94f0-0d65a6038005">
      <property name="CardNumber" value="203805"/>
      <property name="Position" value="5"/>
      <property name="Quantity" value="2"/>
      <property name="Faction" value="hero"/>
      <property name="Type" value="event"/>
      <property name="Owner" value="blue_marvel_by_rainy"/>
      <property name="Cost" value="2"/>
      <property name="Resource_Mental" value="1"/>
      <property name="Attribute" value="Superpower. Thwart."/>
      <property name="Text">&lt;b&gt;Hero Action &lt;/b&gt;&lt;i&gt;(thwart)&lt;/i&gt;: Remove 3 threat from a scheme. If you overpaid for this card, remove 2 additional threat and this thwart ignores the crisis icon ([crisis]).
&lt;i&gt;“My greatest power cannot be measured in feats of strength or cosmic awareness, but in possibilities.”&lt;/i&gt;</property>
    </card>
    <card name="Supersonic Flight" id="e2cb5690-df32-4c1d-94f0-0d65a6038006">
      <property name="CardNumber" value="203806"/>
      <property name="Position" value="6"/>
      <property name="Quantity" value="3"/>
      <property name="Faction" value="hero"/>
      <property name="Type" value="event"/>
      <property name="Owner" value="blue_marvel_by_rainy"/>
      <property name="Cost" value="1"/>
      <property name="Resource_Physical" value="1"/>
      <property name="Attribute" value="Aerial. Superpower."/>
      <property name="Text">&lt;b&gt;Hero Action&lt;/b&gt;: Ready your hero. If you overpaid for this card, draw 1 card.
&lt;b&gt;Hero Response&lt;/b&gt;: After you change form, make a basic attack or thwart without exhausting your hero. If you overpaid for this card, draw 1 card.</property>
    </card>
    <card name="Kadesh Base" id="e2cb5690-df32-4c1d-94f0-0d65a6038007">
      <property name="CardNumber" value="203807"/>
      <property name="Position" value="7"/>
      <property name="Quantity" value="1"/>
      <property name="Faction" value="hero"/>
      <property name="Type" value="support"/>
      <property name="Owner" value="blue_marvel_by_rainy"/>
      <property name="Cost" value="1"/>
      <property name="Resource_Physical" value="1"/>
      <property name="Attribute" value="Location."/>
      <property name="Text">&lt;b&gt;Action&lt;/b&gt;: Exhaust Kadesh Base → draw 1 card (2 cards instead if you are in alter-ego), then choose 1 card in your hand and shuffle it into your deck.
&lt;i&gt;The undersea home of Dr. Adam Brashear, located at the bottom of the Marianas Trench.&lt;/i&gt;</property>
      <property name="Unique" value="True"/>
    </card>
    <card name="Uatu the Watcher" id="e2cb5690-df32-4c1d-94f0-0d65a6038008">
      <property name="CardNumber" value="203808"/>
      <property name="Position" value="8"/>
      <property name="Quantity" value="1"/>
      <property name="Faction" value="hero"/>
      <property name="Type" value="support"/>
      <property name="Owner" value="blue_marvel_by_rainy"/>
      <property name="Cost" value="3"/>
      <property name="Resource_Mental" value="1"/>
      <property name="Attribute" value="Cosmic Entity. Persona."/>
      <property name="Text">&lt;b&gt;Action&lt;/b&gt;: Exhaust Uatu the Watcher → search the top 3 cards of your deck for a card and add it to your hand. Shuffle your deck.
&lt;i&gt;"Uatu, if you pull your "I cannot interfere" face any harder, you're going to prolapse.” —Blue Marvel&lt;/i&gt;</property>
      <property name="Unique" value="True"/>
    </card>
    <card name="Anti-Matter Generation" id="e2cb5690-df32-4c1d-94f0-0d65a6038009">
      <property name="CardNumber" value="203809"/>
      <property name="Position" value="9"/>
      <property name="Quantity" value="1"/>
      <property name="Faction" value="hero"/>
      <property name="Type" value="upgrade"/>
      <property name="Owner" value="blue_marvel_by_rainy"/>
      <property name="Cost" value="2"/>
      <property name="Resource_Energy" value="1"/>
      <property name="Attribute" value="Superpower."/>
      <property name="Text">&lt;b&gt;Resource&lt;/b&gt;: Spend a [energy] resource → generate [energy][energy] resources. (Limit once per phase).
&lt;i&gt;“Shield your eyes, I'm going to unleash my full power!” —Blue Marvel&lt;/i&gt;</property>
    </card>
    <card name="Blue Marvel's Suit" id="e2cb5690-df32-4c1d-94f0-0d65a6038010">
      <property name="CardNumber" value="203810"/>
      <property name="Position" value="10"/>
      <property name="Quantity" value="1"/>
      <property name="Faction" value="hero"/>
      <property name="Type" value="upgrade"/>
      <property name="Owner" value="blue_marvel_by_rainy"/>
      <property name="Cost" value="1"/>
      <property name="Resource_Physical" value="1"/>
      <property name="Attribute" value="Armor."/>
      <property name="Text">You get +2 hit points.&lt;b&gt;
Hero Response&lt;/b&gt;:&lt;b&gt; &lt;/b&gt;After you overpay for a card, deal 1 damage to an enemy for each resource you overpaid for that card's cost.
&lt;i&gt;“Actually, it's one of my late wife's designs." —Blue Marvel&lt;/i&gt;</property>
      <property name="Unique" value="True"/>
    </card>
    <card name="Crisis Monitor" id="e2cb5690-df32-4c1d-94f0-0d65a6038011">
      <property name="CardNumber" value="203811"/>
      <property name="Position" value="11"/>
      <property name="Quantity" value="1"/>
      <property name="Faction" value="hero"/>
      <property name="Type" value="upgrade"/>
      <property name="Owner" value="blue_marvel_by_rainy"/>
      <property name="Cost" value="3"/>
      <property name="Resource_Mental" value="1"/>
      <property name="Attribute" value="Tech."/>
      <property name="Text">&lt;b&gt;Interrupt&lt;/b&gt;: When you reveal an encounter card or your obligation is revealed, ready your hero (you may change to hero form first). If you cannot, remove 2 threat from a scheme. (Limit once per phase).
&lt;i&gt;“Computer, monitor emergency traffic." &lt;/i&gt;</property>
    </card>
    <card name="Superhuman Speed" id="e2cb5690-df32-4c1d-94f0-0d65a6038012">
      <property name="CardNumber" value="203812"/>
      <property name="Position" value="12"/>
      <property name="Quantity" value="1"/>
      <property name="Faction" value="hero"/>
      <property name="Type" value="upgrade"/>
      <property name="Owner" value="blue_marvel_by_rainy"/>
      <property name="Cost" value="1"/>
      <property name="Resource_Energy" value="1"/>
      <property name="Attribute" value="Superpower."/>
      <property name="Text">Blue Marvel's attacks ignore the guard keyword.&lt;b&gt;
Hero Response&lt;/b&gt;: After you overpay for a card, remove 1 threat from a scheme for each resource you overpaid for that card's cost.</property>
    </card>
    <card name="Level Seven Threat" id="e2cb5690-df32-4c1d-94f0-0d65a6038013" size="EncounterCard">
      <property name="DefaultSetupPile" value="Nemesis"/>
      <property name="CardNumber" value="203813"/>
      <property name="Position" value="13"/>
      <property name="Quantity" value="1"/>
      <property name="Faction" value="encounter"/>
      <property name="Type" value="obligation"/>
      <property name="Owner" value="blue_marvel_by_rainy"/>
      <property name="Boost" value="3"/>
      <property name="Text">You may flip to hero form. Choose:
Exhaust Blue Marvel → discard this obligation.
Deal yourself a facedown encounter card. This card gains surge. Discard this obligation.</property>
    </card>
    <card name="Unshackle Creation" id="e2cb5690-df32-4c1d-94f0-0d65a6038014" size="SchemeCard">
      <property name="CardNumber" value="203814"/>
      <property name="Position" value="14"/>
      <property name="Quantity" value="1"/>
      <property name="Faction" value="encounter"/>
      <property name="Type" value="side_scheme"/>
      <property name="Owner" value="blue_marvel_by_rainy_nemesis"/>
      <property name="Boost" value="3"/>
      <property name="BaseThreat" value="3"/>
      <property name="BaseThreatFixed" value="True"/>
      <property name="EscalationThreatFixed" value="False"/>
      <property name="Text">&lt;i&gt;Anti-Man's cosmic awareness has shattered his perception of reality. He plans to unite mankind through acts of destruction and terror.
&lt;/i&gt;Hinder 2[per_hero].
[hazard]</property>
    </card>
    <card name="Anti-Man" id="e2cb5690-df32-4c1d-94f0-0d65a6038015" size="EncounterCard">
      <property name="CardNumber" value="203815"/>
      <property name="Position" value="15"/>
      <property name="Quantity" value="1"/>
      <property name="Faction" value="encounter"/>
      <property name="Type" value="minion"/>
      <property name="Owner" value="blue_marvel_by_rainy_nemesis"/>
      <property name="Attack" value="2"/>
      <property name="Scheme" value="2"/>
      <property name="Boost" value="2"/>
      <property name="HP" value="6"/>
      <property name="Attribute" value="Soldier."/>
      <property name="Text">Toughness.&lt;b&gt;
Forced Interrupt&lt;/b&gt;: When you generate a [energy] resource, take 1 damage.
&lt;i&gt;(Blue Marvel's nemesis minion.)&lt;/i&gt;</property>
      <property name="Unique" value="True"/>
    </card>
    <card name="Anti-Matter Explosion" id="e2cb5690-df32-4c1d-94f0-0d65a6038016" size="EncounterCard">
      <property name="CardNumber" value="203816"/>
      <property name="Position" value="16"/>
      <property name="Quantity" value="1"/>
      <property name="Faction" value="encounter"/>
      <property name="Type" value="treachery"/>
      <property name="Owner" value="blue_marvel_by_rainy_nemesis"/>
      <property name="Boost" value="1"/>
      <property name="Text">&lt;b&gt;When Revealed&lt;/b&gt;: Choose to either spend [energy][energy] resources or assign 2[per_hero] damage among heroes and allies.
[star] &lt;b&gt;Boost&lt;/b&gt;: Deal 1 damage to each character you control.</property>
    </card>
    <card name="Quantum Immortality" id="e2cb5690-df32-4c1d-94f0-0d65a6038017" size="EncounterCard">
      <property name="CardNumber" value="203817"/>
      <property name="Position" value="17"/>
      <property name="Quantity" value="2"/>
      <property name="Faction" value="encounter"/>
      <property name="Type" value="treachery"/>
      <property name="Owner" value="blue_marvel_by_rainy_nemesis"/>
      <property name="Boost" value="2"/>
      <property name="Text">&lt;b&gt;When Revealed&lt;/b&gt;: Heal all damage from Anti-Man and give him a tough status card. If you cannot, search the encounter deck and discard pile for Anti-Man and reveal him. Anti-Man activates against you.</property>
    </card>
  </cards>
</set>
