<?xml version='1.0' encoding='utf-8'?>
<set name="Lyja (Laura Green) (By Kajislav)" id="72e3283e-1783-5c07-90ae-af678c8d694b" gameId="055c536f-adba-4bc2-acbf-9aefb9756046" gameVersion="0.0.0.0" version="1.0.0.0">
  <cards>
    <card id="72e3283e-1783-5c07-90ae-af678c000000" name="Lyja (Laura Green) (By Kajislav)">
      <property name="Type" value="fm_hero_setup" />
      <property name="Owner" value="fm_lyja_Kajislav" />
    </card>
    <card id="72e3283e-1783-5c07-90ae-af678c990000" name="Lyja (Laura Green) (By Kajislav)">
      <property name="Type" value="fm_encounter_setup" />
      <property name="Owner" value="fm_lyja_Kajislav_nemesis" />
    </card>
    <card name="Lyja" id="72e3283e-1783-5c07-90ae-af678c000001">
      <property name="CardNumber" value="201201a" />
      <property name="Position" value="1" />
      <property name="Owner" value="fm_lyja_Kajislav" />
      <property name="Type" value="hero" />
      <property name="HP" value="10" />
      <property name="HandSize" value="5" />
      <property name="Attribute" value="[[Fantastic Four. Skrull.]]" />
      <property name="Text"><i>Skrull Spy</i> — <b>Action</b>: Spend up to 1[per_hero] resources of any type → search the encounter deck for a [[treachery]] card for each resource spent this way, shuffle the encounter deck, and place those cards on the top of the encounter deck in any order.</property>
      <alternate name="Laura Green" type="b">
        <property name="CardNumber" value="201201b" />
        <property name="Position" value="1" />
        <property name="Owner" value="fm_lyja_Kajislav" />
        <property name="Type" value="alter_ego" />
        <property name="HP" value="10" />
        <property name="HandSize" value="6" />
        <property name="Attribute" value="[[Skrull. Spy.]]" />
        <property name="Text"><i>Playing Along</i><b> </b>—<b> Action</b>: Search your deck for a [[treachery]] card, shuffle your deck and place that card on the top of your deck. (Limit once per round.)
<i>"Out of all the planets in the universe… How is it I keep winding up on this one?"</i></property>
      </alternate>
    </card>
    <card name="Human Torch (Johnny Storm)" id="72e3283e-1783-5c07-90ae-af678c000002">
      <property name="CardNumber" value="201202" />
      <property name="Position" value="2" />
      <property name="Owner" value="fm_lyja_Kajislav" />
      <property name="Type" value="ally" />
      <property name="HP" value="3" />
      <property name="Attribute" value="[[Fantastic Four.]]" />
      <property name="Text"><b>Response</b>: After Human Torch leaves play, search the encounter deck for a [[treachery]] card, shuffle the encounter deck, and place that card on the top of the encounter deck. 
<i>“Man, this has to be my third-worst breakup ever!”</i></property>
    </card>
    <card name="Faking Death" id="72e3283e-1783-5c07-90ae-af678c000003">
      <property name="CardNumber" value="201203" />
      <property name="Position" value="3" />
      <property name="Owner" value="fm_lyja_Kajislav" />
      <property name="Type" value="event" />
      <property name="Attribute" value="[[Treachery.]]" />
      <property name="Text"><b>Hero Action</b>: Shuffle this card into the encounter deck.
<b>When Revealed</b>: Choose to either stun or confuse an enemy. 
 [star] <b>Boost</b>: The activating enemy gets -2 SCH and -2 ATK for this activation.</property>
    </card>
    <card name="Faking Death" id="72e3283e-1783-5c07-90ae-af678c000004">
      <property name="CardNumber" value="201204" />
      <property name="Position" value="4" />
      <property name="Owner" value="fm_lyja_Kajislav" />
      <property name="Type" value="event" />
      <property name="Attribute" value="[[Treachery.]]" />
      <property name="Text"><b>Hero Action</b>: Shuffle this card into the encounter deck.
<b>When Revealed</b>: Choose to either stun or confuse an enemy. 
 [star] <b>Boost</b>: The activating enemy gets -2 SCH and -2 ATK for this activation.</property>
    </card>
    <card name="Feign Loyalty" id="72e3283e-1783-5c07-90ae-af678c000005">
      <property name="CardNumber" value="201205" />
      <property name="Position" value="5" />
      <property name="Owner" value="fm_lyja_Kajislav" />
      <property name="Type" value="event" />
      <property name="Attribute" value="[[Treachery.]]" />
      <property name="Text"><b>Hero Action</b>: Shuffle this card into the encounter deck.
<b>When Revealed</b>: Discard an attachment with the uses keyword or the text "<b>Hero Action</b>" or "<b>Hero</b> <b>Response</b>" from play. 
 [star] <b>Boost</b>: Draw 2 cards.</property>
    </card>
    <card name="Feign Loyalty" id="72e3283e-1783-5c07-90ae-af678c000006">
      <property name="CardNumber" value="201206" />
      <property name="Position" value="6" />
      <property name="Owner" value="fm_lyja_Kajislav" />
      <property name="Type" value="event" />
      <property name="Attribute" value="[[Treachery.]]" />
      <property name="Text"><b>Hero Action</b>: Shuffle this card into the encounter deck.
<b>When Revealed</b>: Discard an attachment with the uses keyword or the text "<b>Hero Action</b>" or "<b>Hero</b> <b>Response</b>" from play. 
 [star] <b>Boost</b>: Draw 2 cards.</property>
    </card>
    <card name="Hero Appearance" id="72e3283e-1783-5c07-90ae-af678c000007">
      <property name="CardNumber" value="201207" />
      <property name="Position" value="7" />
      <property name="Owner" value="fm_lyja_Kajislav" />
      <property name="Type" value="event" />
      <property name="Attribute" value="[[Treachery.]]" />
      <property name="Text"><b>Hero Action</b>: Shuffle this card into the encounter deck.
<b>When Revealed</b>: The Lyja player deals 4 damage among enemies in play. 
 [star] <b>Boost</b>: The Lyja player deals 3 damage to an enemy.</property>
    </card>
    <card name="Hero Appearance" id="72e3283e-1783-5c07-90ae-af678c000008">
      <property name="CardNumber" value="201208" />
      <property name="Position" value="8" />
      <property name="Owner" value="fm_lyja_Kajislav" />
      <property name="Type" value="event" />
      <property name="Attribute" value="[[Treachery.]]" />
      <property name="Text"><b>Hero Action</b>: Shuffle this card into the encounter deck.
<b>When Revealed</b>: The Lyja player deals 4 damage among enemies in play. 
 [star] <b>Boost</b>: The Lyja player deals 3 damage to an enemy.</property>
    </card>
    <card name="Posing as a Civilian" id="72e3283e-1783-5c07-90ae-af678c000009">
      <property name="CardNumber" value="201209" />
      <property name="Position" value="9" />
      <property name="Owner" value="fm_lyja_Kajislav" />
      <property name="Type" value="event" />
      <property name="Attribute" value="[[Treachery.]]" />
      <property name="Text"><b>Hero Action</b>: Shuffle this card into the encounter deck.
<b>When Revealed</b>: The Lyja player removes 3 threat from among schemes in play. 
 [star] <b>Boost</b>: The Lyja player removes 2 threat from a scheme.</property>
    </card>
    <card name="Posing as a Civilian" id="72e3283e-1783-5c07-90ae-af678c000010">
      <property name="CardNumber" value="201210" />
      <property name="Position" value="10" />
      <property name="Owner" value="fm_lyja_Kajislav" />
      <property name="Type" value="event" />
      <property name="Attribute" value="[[Treachery.]]" />
      <property name="Text"><b>Hero Action</b>: Shuffle this card into the encounter deck.
<b>When Revealed</b>: The Lyja player removes 3 threat from among schemes in play. 
 [star] <b>Boost</b>: The Lyja player removes 2 threat from a scheme.</property>
    </card>
    <card name="New York Bookstore" id="72e3283e-1783-5c07-90ae-af678c000011">
      <property name="CardNumber" value="201211" />
      <property name="Position" value="11" />
      <property name="Owner" value="fm_lyja_Kajislav" />
      <property name="Type" value="support" />
      <property name="Attribute" value="[[Location.]]" />
      <property name="Text">Laura Green gets +2 REC.
<b>Alter-Ego Response</b>: After you make a basic recovery, draw 1 card.
<i>“Try thinking about your life instead of your image!" —Lyja</i></property>
    </card>
    <card name="Lazerfist" id="72e3283e-1783-5c07-90ae-af678c000012">
      <property name="CardNumber" value="201212" />
      <property name="Position" value="12" />
      <property name="Owner" value="fm_lyja_Kajislav" />
      <property name="Type" value="upgrade" />
      <property name="Attribute" value="[[Superpower.]]" />
      <property name="Text">Lyja gets +1 ATK.<b>
Hero Resource</b>: Exhaust Lazerfist → generate a [energy] resource. 
<i>"Remember how I lost my ability to fire energy blasts? Well, I got it back…" —Lyja</i></property>
    </card>
    <card name="Lazerfist" id="72e3283e-1783-5c07-90ae-af678c000013">
      <property name="CardNumber" value="201213" />
      <property name="Position" value="13" />
      <property name="Owner" value="fm_lyja_Kajislav" />
      <property name="Type" value="upgrade" />
      <property name="Attribute" value="[[Superpower.]]" />
      <property name="Text">Lyja gets +1 ATK.<b>
Hero Resource</b>: Exhaust Lazerfist → generate a [energy] resource. 
<i>"Remember how I lost my ability to fire energy blasts? Well, I got it back…" —Lyja</i></property>
    </card>
    <card name="Ministerial Tiara" id="72e3283e-1783-5c07-90ae-af678c000014">
      <property name="CardNumber" value="201214" />
      <property name="Position" value="14" />
      <property name="Owner" value="fm_lyja_Kajislav" />
      <property name="Type" value="upgrade" />
      <property name="Attribute" value="[[Item.]]" />
      <property name="Text"><b>Interrupt</b>: When a boost card is turned faceup, if that card has a star icon ([star]) in the boost area, exhaust this card → draw 1 card. 
<i>"﻿They restored power to my hands… Insulated me against heat and fire… And gave me my old ministerial post back." —Lyja</i></property>
    </card>
    <card name="Mole" id="72e3283e-1783-5c07-90ae-af678c000015">
      <property name="CardNumber" value="201215" />
      <property name="Position" value="15" />
      <property name="Owner" value="fm_lyja_Kajislav" />
      <property name="Type" value="upgrade" />
      <property name="Attribute" value="[[Title.]]" />
      <property name="Text"><b>Hero Interrupt</b>: When a [[treachery]] card is discarded from the top of the encounter deck, exhaust Mole → resolve that card's "<b>When Revealed</b>" ability.
<i>"I am Skrull in body… and human in soul!" —Lyja</i></property>
    </card>
    <card name="Shapeshifter" id="72e3283e-1783-5c07-90ae-af678c000016">
      <property name="CardNumber" value="201216" />
      <property name="Position" value="16" />
      <property name="Owner" value="fm_lyja_Kajislav" />
      <property name="Type" value="upgrade" />
      <property name="Attribute" value="[[Superpower.]]" />
      <property name="Text">Lyja gets +1 THW.
<b>Hero Response</b>: After you play a [[treachery]] event, exhaust Shapeshifter → ready Lyja.
<i>"No mere flame cage can hold me! I am now Lyja… The Lazerfist!!" —Lyja</i></property>
    </card>
    <card name="Untrustworthiness" id="72e3283e-1783-5c07-90ae-af678c000017" size="EncounterCard">
      <property name="CardNumber" value="201217" />
      <property name="Position" value="17" />
      <property name="Owner" value="fm_lyja_Kajislav" />
      <property name="Type" value="obligation" />
      <property name="DefaultSetupPile" value="Nemesis" />
      <property name="Text"><b>Forced Interrupt</b>: When a "<b>Boost</b>" or "<b>When Revealed</b>" ability on a [[treachery]] card would be resolved, cancel that ability. Then, deal yourself 1 facedown encounter card.
<b>Alter-Ego Action</b>: Exhaust Laura Green → discard Untrustworthiness.</property>
    </card>
    <card name="The Thing (Ben Grimm)" id="72e3283e-1783-5c07-90ae-af678c000023">
      <property name="CardNumber" value="201223" />
      <property name="Position" value="23" />
      <property name="Owner" value="fm_aggression_Kajislav" />
      <property name="Type" value="ally" />
      <property name="HP" value="3" />
      <property name="Attribute" value="[[Fantastic Four.]]" />
      <property name="Text">Toughness.
<b>Action</b>: Discard a tough status card from The Thing and choose up to 2 enemies → deal 2 damage to each of them.
<i>“It's clobberin' time!"</i></property>
    </card>
    <card name="Going Ballistic" id="72e3283e-1783-5c07-90ae-af678c000024">
      <property name="CardNumber" value="201224" />
      <property name="Position" value="24" />
      <property name="Owner" value="fm_aggression_Kajislav" />
      <property name="Type" value="event" />
      <property name="Attribute" value="[[Attack.]]" />
      <property name="Text"><b>Hero Action</b> <i>(attack)</i>: Discard your hand. Deal 2 damage to an enemy (to a maximum of 6) for each card discarded this way.
<i>“This is how I want you, unfaithful wretch, on your knees!” —Lyja</i></property>
    </card>
    <card name="Hit the Weak Spot" id="72e3283e-1783-5c07-90ae-af678c000025">
      <property name="CardNumber" value="201225" />
      <property name="Position" value="25" />
      <property name="Owner" value="fm_aggression_Kajislav" />
      <property name="Type" value="event" />
      <property name="Attribute" value="[[Attack.]]" />
      <property name="Text"><b>Hero Action</b> <i>(attack)</i>: Deal 2 damage to a minion for each icon <i>(</i>[star]<i> and </i>[boost]<i>)</i> in that minion's boost area. This attack gains piercing.
<i>“Thank me later! Go!” —Lyja</i></property>
    </card>
    <card name="Invisible Woman (sue storm)" id="72e3283e-1783-5c07-90ae-af678c000026">
      <property name="CardNumber" value="201226" />
      <property name="Position" value="26" />
      <property name="Owner" value="fm_basic_Kajislav" />
      <property name="Type" value="ally" />
      <property name="HP" value="2" />
      <property name="Attribute" value="[[Fantastic Four.]]" />
      <property name="Text">Invisible Woman takes +1 consequential damage for each revelation counter on the target of her basic power.
<b>Forced Response</b>: After Invisible Woman uses a basic power, place 1 revelation counter on the target of that power. <i></i></property>
    </card>
    <card name="Mister Fantastic (Reed Richards)" id="72e3283e-1783-5c07-90ae-af678c000027">
      <property name="CardNumber" value="201227" />
      <property name="Position" value="27" />
      <property name="Owner" value="fm_basic_Kajislav" />
      <property name="Type" value="ally" />
      <property name="HP" value="4" />
      <property name="Attribute" value="[[Fantastic Four.]]" />
      <property name="Text"><b>Resource</b>: Exhaust Mister Fantastic and deal 1 damage to him → generate a [mental] resource. 
<i>“Nothing is ever what it appears... it's the mysteries and the unknown that make life interesting."</i></property>
    </card>
    <card name="Laser Tag" id="72e3283e-1783-5c07-90ae-af678c000028">
      <property name="CardNumber" value="201228" />
      <property name="Position" value="28" />
      <property name="Owner" value="fm_basic_Kajislav" />
      <property name="Type" value="event" />
      <property name="Text">Team-Up (Human Torch and Lyja). Max 1 per deck. 
<b>Hero Action</b>: Ready Human Torch, Lyja, and each [[superpower]] upgrade you control.</property>
    </card>
    <card name="Baxter Building" id="72e3283e-1783-5c07-90ae-af678c000029">
      <property name="CardNumber" value="201229" />
      <property name="Position" value="29" />
      <property name="Owner" value="fm_basic_Kajislav" />
      <property name="Type" value="support" />
      <property name="Attribute" value="[[Fantastic Four. Location.]]" />
      <property name="Text">Reduce the cost to play this card by 1 if you control a [[fantastic four]] character.<b>
Resource</b>: Exhaust Baxter Building → generate a [wild] resource for any player.
<i>The Baxter Building is located in Manhattan. It has been home to the Fantastic Four.</i></property>
    </card>
    <card name="Fantasti-Car" id="72e3283e-1783-5c07-90ae-af678c000030">
      <property name="CardNumber" value="201230" />
      <property name="Position" value="30" />
      <property name="Owner" value="fm_basic_Kajislav" />
      <property name="Type" value="support" />
      <property name="Attribute" value="[[Fantastic Four. Vehicle.]]" />
      <property name="Text"><b>Response</b>: After Fantasti-Car enters play, ready a [[fantastic four]] card.<b> 
Alter-Ego Action</b>: Exhaust Fantasti- Car → choose a player. That player may shuffle 1 card from their discard pile into their deck.</property>
    </card>
    <card name="Fantastic Four Member" id="72e3283e-1783-5c07-90ae-af678c000031">
      <property name="CardNumber" value="201231" />
      <property name="Position" value="31" />
      <property name="Owner" value="fm_basic_Kajislav" />
      <property name="Type" value="upgrade" />
      <property name="Attribute" value="[[Title.]]" />
      <property name="Text">Play only if your identity has the [[fantastic four]] trait. 
Attach to a friendly character. Max 1 per character.
Attached character gets +1 hit point and gains the [[fantastic four ]]trait.</property>
    </card>
    <card name="Paibok" id="72e3283e-1783-5c07-90ae-af678c000018" size="EncounterCard">
      <property name="CardNumber" value="201218" />
      <property name="Position" value="18" />
      <property name="Owner" value="fm_lyja_Kajislav_nemesis" />
      <property name="Type" value="minion" />
      <property name="HP" value="4" />
      <property name="Attribute" value="[[Elite. Skrull.]]" />
      <property name="Text">Toughness.
[star] Paibok gets +1 SCH and +1 ATK for each [[treachery]] card attached to him.<b>
Forced Interrupt</b>: When a [[treachery]] card would be discarded, attach it facedown to Paibok instead. 
<i>(Lyja's nemesis minion.)</i>
<i>"Total humilation is truly the best revenge!"</i>
<i></i></property>
    </card>
    <card name="Punish the Defector" id="72e3283e-1783-5c07-90ae-af678c000019" size="SchemeCard">
      <property name="CardNumber" value="201219" />
      <property name="Position" value="19" />
      <property name="Owner" value="fm_lyja_Kajislav_nemesis" />
      <property name="Type" value="side_scheme" />
      <property name="BaseThreat" value="2" />
      <property name="Text"><i>In a battle between the Fantastic Four and her former lover Paibok, Lyja still bore feelings for the Torch and again betrayed Paibok to side with the Fantastic Four.</i><b>
When Revealed</b>: Search the encounter deck for a [[treachery]] card and discard it. Shuffle the encounter deck.
[hazard]</property>
    </card>
    <card name="&quot;It's a Stinkin' Skrull!&quot;" id="72e3283e-1783-5c07-90ae-af678c000020" size="EncounterCard">
      <property name="CardNumber" value="201220" />
      <property name="Position" value="20" />
      <property name="Owner" value="fm_lyja_Kajislav_nemesis" />
      <property name="Type" value="treachery" />
      <property name="Text"><b>When Revealed</b>: Search the encounter deck for a [[treachery]] card and discard it. <i>(Shuffle.)</i> If no [[treachery]] card was discarded this way, this card gains surge.
<i>"I got real bad news fer ya kid… Yer lovin' wife is a stinkin' Skrull!!" —Thing</i></property>
    </card>
    <card name="&quot;It's a Stinkin' Skrull!&quot;" id="72e3283e-1783-5c07-90ae-af678c000021" size="EncounterCard">
      <property name="CardNumber" value="201221" />
      <property name="Position" value="21" />
      <property name="Owner" value="fm_lyja_Kajislav_nemesis" />
      <property name="Type" value="treachery" />
      <property name="Text"><b>When Revealed</b>: Search the encounter deck for a [[treachery]] card and discard it. <i>(Shuffle.)</i> If no [[treachery]] card was discarded this way, this card gains surge.
<i>"I got real bad news fer ya kid… Yer lovin' wife is a stinkin' Skrull!!" —Thing</i></property>
    </card>
    <card name="Truth Revealed" id="72e3283e-1783-5c07-90ae-af678c000022" size="EncounterCard">
      <property name="CardNumber" value="201222" />
      <property name="Position" value="22" />
      <property name="Owner" value="fm_lyja_Kajislav_nemesis" />
      <property name="Type" value="treachery" />
      <property name="Text"><b>When Revealed</b>: Search your deck for all identity-specific cards, shuffle your deck and place those cards on the bottom of your deck in any order.
<i>"What have you done to my wife?! How long have you been masquerading as her?!" —Human Torch</i></property>
    </card>
  </cards>
</set>